FILENAME,LOC,NOFC,LOF,ANDAVG,ANDSTDEV,SDEGMEAN,SDEGSTD,TDEGMEAN,TDEGSTD,HOM,HET,HOHE,GRANGL,GRANFL,GRANBL,GRANSL,GRANEL,GRANML,GRANERR,NDMAX
/home/johannes/CMPUT663/cmput663-cpp-replic/cppstats0.7/projects/subversion-1.5.1/_cppstats/subversion/svn/propdel-cmd.c.xml,78,0,0,0,0,,,,,,,,0,0,0,0,0,0,0,0
/home/johannes/CMPUT663/cmput663-cpp-replic/cppstats0.7/projects/subversion-1.5.1/_cppstats/subversion/svn/delete-cmd.c.xml,47,0,0,0,0,,,,,,,,0,0,0,0,0,0,0,0
/home/johannes/CMPUT663/cmput663-cpp-replic/cppstats0.7/projects/subversion-1.5.1/_cppstats/subversion/svn/info-cmd.c.xml,328,0,0,0,0,,,,,,,,0,0,0,0,0,0,0,0
/home/johannes/CMPUT663/cmput663-cpp-replic/cppstats0.7/projects/subversion-1.5.1/_cppstats/subversion/svn/log-cmd.c.xml,329,0,0,0,0,,,,,,,,0,0,0,0,0,0,0,0
/home/johannes/CMPUT663/cmput663-cpp-replic/cppstats0.7/projects/subversion-1.5.1/_cppstats/subversion/svn/propget-cmd.c.xml,184,0,0,0,0,,,,,,,,0,0,0,0,0,0,0,0
/home/johannes/CMPUT663/cmput663-cpp-replic/cppstats0.7/projects/subversion-1.5.1/_cppstats/subversion/svn/resolved-cmd.c.xml,45,0,0,0,0,,,,,,,,0,0,0,0,0,0,0,0
/home/johannes/CMPUT663/cmput663-cpp-replic/cppstats0.7/projects/subversion-1.5.1/_cppstats/subversion/svn/switch-cmd.c.xml,106,0,0,0,0,,,,,,,,0,0,0,0,0,0,0,0
/home/johannes/CMPUT663/cmput663-cpp-replic/cppstats0.7/projects/subversion-1.5.1/_cppstats/subversion/svn/notify.c.xml,390,0,0,0,0,,,,,,,,0,0,0,0,0,0,0,0
/home/johannes/CMPUT663/cmput663-cpp-replic/cppstats0.7/projects/subversion-1.5.1/_cppstats/subversion/svn/proplist-cmd.c.xml,133,0,0,0,0,,,,,,,,0,0,0,0,0,0,0,0
/home/johannes/CMPUT663/cmput663-cpp-replic/cppstats0.7/projects/subversion-1.5.1/_cppstats/subversion/svn/export-cmd.c.xml,48,0,0,0,0,,,,,,,,0,0,0,0,0,0,0,0
/home/johannes/CMPUT663/cmput663-cpp-replic/cppstats0.7/projects/subversion-1.5.1/_cppstats/subversion/svn/conflict-callbacks.c.xml,416,0,4,1.0,0,,,,,,,,0,1,0,0,0,0,0,1
/home/johannes/CMPUT663/cmput663-cpp-replic/cppstats0.7/projects/subversion-1.5.1/_cppstats/subversion/svn/mergeinfo-cmd.c.xml,65,0,0,0,0,,,,,,,,0,0,0,0,0,0,0,0
/home/johannes/CMPUT663/cmput663-cpp-replic/cppstats0.7/projects/subversion-1.5.1/_cppstats/subversion/svn/status-cmd.c.xml,194,0,0,0,0,,,,,,,,0,0,0,0,0,0,0,0
/home/johannes/CMPUT663/cmput663-cpp-replic/cppstats0.7/projects/subversion-1.5.1/_cppstats/subversion/svn/copy-cmd.c.xml,73,0,0,0,0,,,,,,,,0,0,0,0,0,0,0,0
/home/johannes/CMPUT663/cmput663-cpp-replic/cppstats0.7/projects/subversion-1.5.1/_cppstats/subversion/svn/resolve-cmd.c.xml,71,0,0,0,0,,,,,,,,0,0,0,0,0,0,0,0
/home/johannes/CMPUT663/cmput663-cpp-replic/cppstats0.7/projects/subversion-1.5.1/_cppstats/subversion/svn/help-cmd.c.xml,48,0,0,0,0,,,,,,,,0,0,0,0,0,0,0,0
/home/johannes/CMPUT663/cmput663-cpp-replic/cppstats0.7/projects/subversion-1.5.1/_cppstats/subversion/svn/add-cmd.c.xml,43,0,0,0,0,,,,,,,,0,0,0,0,0,0,0,0
/home/johannes/CMPUT663/cmput663-cpp-replic/cppstats0.7/projects/subversion-1.5.1/_cppstats/subversion/svn/mkdir-cmd.c.xml,57,0,0,0,0,,,,,,,,0,0,0,0,0,0,0,0
/home/johannes/CMPUT663/cmput663-cpp-replic/cppstats0.7/projects/subversion-1.5.1/_cppstats/subversion/svn/main.c.xml,1807,8,79,1.0,0.0,,,,,,,,0,12,0,0,0,0,0,1
/home/johannes/CMPUT663/cmput663-cpp-replic/cppstats0.7/projects/subversion-1.5.1/_cppstats/subversion/svn/cleanup-cmd.c.xml,27,0,0,0,0,,,,,,,,0,0,0,0,0,0,0,0
/home/johannes/CMPUT663/cmput663-cpp-replic/cppstats0.7/projects/subversion-1.5.1/_cppstats/subversion/svn/revert-cmd.c.xml,33,0,0,0,0,,,,,,,,0,0,0,0,0,0,0,0
/home/johannes/CMPUT663/cmput663-cpp-replic/cppstats0.7/projects/subversion-1.5.1/_cppstats/subversion/svn/status.c.xml,275,0,0,0,0,,,,,,,,0,0,0,0,0,0,0,0
/home/johannes/CMPUT663/cmput663-cpp-replic/cppstats0.7/projects/subversion-1.5.1/_cppstats/subversion/svn/commit-cmd.c.xml,82,0,0,0,0,,,,,,,,0,0,0,0,0,0,0,0
/home/johannes/CMPUT663/cmput663-cpp-replic/cppstats0.7/projects/subversion-1.5.1/_cppstats/subversion/svn/checkout-cmd.c.xml,83,0,0,0,0,,,,,,,,0,0,0,0,0,0,0,0
/home/johannes/CMPUT663/cmput663-cpp-replic/cppstats0.7/projects/subversion-1.5.1/_cppstats/subversion/svn/lock-cmd.c.xml,50,0,0,0,0,,,,,,,,0,0,0,0,0,0,0,0
/home/johannes/CMPUT663/cmput663-cpp-replic/cppstats0.7/projects/subversion-1.5.1/_cppstats/subversion/svn/props.c.xml,140,0,0,0,0,,,,,,,,0,0,0,0,0,0,0,0
/home/johannes/CMPUT663/cmput663-cpp-replic/cppstats0.7/projects/subversion-1.5.1/_cppstats/subversion/svn/propset-cmd.c.xml,115,0,0,0,0,,,,,,,,0,0,0,0,0,0,0,0
/home/johannes/CMPUT663/cmput663-cpp-replic/cppstats0.7/projects/subversion-1.5.1/_cppstats/subversion/svn/cat-cmd.c.xml,40,0,0,0,0,,,,,,,,0,0,0,0,0,0,0,0
/home/johannes/CMPUT663/cmput663-cpp-replic/cppstats0.7/projects/subversion-1.5.1/_cppstats/subversion/svn/propedit-cmd.c.xml,172,0,0,0,0,,,,,,,,0,0,0,0,0,0,0,0
/home/johannes/CMPUT663/cmput663-cpp-replic/cppstats0.7/projects/subversion-1.5.1/_cppstats/subversion/svn/changelist-cmd.c.xml,54,0,0,0,0,,,,,,,,0,0,0,0,0,0,0,0
/home/johannes/CMPUT663/cmput663-cpp-replic/cppstats0.7/projects/subversion-1.5.1/_cppstats/subversion/svn/util.c.xml,714,2,8,1.0,0.0,,,,,,,,0,1,1,0,0,0,0,1
/home/johannes/CMPUT663/cmput663-cpp-replic/cppstats0.7/projects/subversion-1.5.1/_cppstats/subversion/svn/import-cmd.c.xml,59,0,0,0,0,,,,,,,,0,0,0,0,0,0,0,0
/home/johannes/CMPUT663/cmput663-cpp-replic/cppstats0.7/projects/subversion-1.5.1/_cppstats/subversion/svn/move-cmd.c.xml,55,0,0,0,0,,,,,,,,0,0,0,0,0,0,0,0
/home/johannes/CMPUT663/cmput663-cpp-replic/cppstats0.7/projects/subversion-1.5.1/_cppstats/subversion/svn/merge-cmd.c.xml,184,0,0,0,0,,,,,,,,0,0,0,0,0,0,0,0
/home/johannes/CMPUT663/cmput663-cpp-replic/cppstats0.7/projects/subversion-1.5.1/_cppstats/subversion/svn/diff-cmd.c.xml,275,0,0,0,0,,,,,,,,0,0,0,0,0,0,0,0
/home/johannes/CMPUT663/cmput663-cpp-replic/cppstats0.7/projects/subversion-1.5.1/_cppstats/subversion/svn/list-cmd.c.xml,195,0,0,0,0,,,,,,,,0,0,0,0,0,0,0,0
/home/johannes/CMPUT663/cmput663-cpp-replic/cppstats0.7/projects/subversion-1.5.1/_cppstats/subversion/svn/blame-cmd.c.xml,222,0,0,0,0,,,,,,,,0,0,0,0,0,0,0,0
/home/johannes/CMPUT663/cmput663-cpp-replic/cppstats0.7/projects/subversion-1.5.1/_cppstats/subversion/svn/client_errors.h.xml,33,4,22,2.0,0.7071067811865476,,,,,,,,2,4,0,0,0,0,0,3
/home/johannes/CMPUT663/cmput663-cpp-replic/cppstats0.7/projects/subversion-1.5.1/_cppstats/subversion/svn/cl.h.xml,287,2,280,1.6666666666666667,0.5773502691896257,,,,,,,,2,1,0,0,0,0,0,2
/home/johannes/CMPUT663/cmput663-cpp-replic/cppstats0.7/projects/subversion-1.5.1/_cppstats/subversion/svn/unlock-cmd.c.xml,24,0,0,0,0,,,,,,,,0,0,0,0,0,0,0,0
/home/johannes/CMPUT663/cmput663-cpp-replic/cppstats0.7/projects/subversion-1.5.1/_cppstats/subversion/svn/update-cmd.c.xml,45,0,0,0,0,,,,,,,,0,0,0,0,0,0,0,0
/home/johannes/CMPUT663/cmput663-cpp-replic/cppstats0.7/projects/subversion-1.5.1/_cppstats/subversion/svnlook/main.c.xml,1616,6,35,1.0,0.0,,,,,,,,0,6,0,0,0,0,0,1
/home/johannes/CMPUT663/cmput663-cpp-replic/cppstats0.7/projects/subversion-1.5.1/_cppstats/subversion/libsvn_repos/repos.h.xml,115,2,108,1.6666666666666667,0.5773502691896257,,,,,,,,2,1,0,0,0,0,0,2
/home/johannes/CMPUT663/cmput663-cpp-replic/cppstats0.7/projects/subversion-1.5.1/_cppstats/subversion/libsvn_repos/delta.c.xml,665,0,0,0,0,,,,,,,,0,0,0,0,0,0,0,0
/home/johannes/CMPUT663/cmput663-cpp-replic/cppstats0.7/projects/subversion-1.5.1/_cppstats/subversion/libsvn_repos/replay.c.xml,460,0,0,0,0,,,,,,,,0,0,0,0,0,0,0,0
/home/johannes/CMPUT663/cmput663-cpp-replic/cppstats0.7/projects/subversion-1.5.1/_cppstats/subversion/libsvn_repos/authz.c.xml,412,0,0,0,0,,,,,,,,0,0,0,0,0,0,0,0
/home/johannes/CMPUT663/cmput663-cpp-replic/cppstats0.7/projects/subversion-1.5.1/_cppstats/subversion/libsvn_repos/rev_hunt.c.xml,927,0,0,0,0,,,,,,,,0,0,0,0,0,0,0,0
/home/johannes/CMPUT663/cmput663-cpp-replic/cppstats0.7/projects/subversion-1.5.1/_cppstats/subversion/libsvn_repos/reporter.c.xml,868,0,0,0,0,,,,,,,,0,0,0,0,0,0,0,0
/home/johannes/CMPUT663/cmput663-cpp-replic/cppstats0.7/projects/subversion-1.5.1/_cppstats/subversion/libsvn_repos/log.c.xml,1084,0,0,0,0,,,,,,,,0,0,0,0,0,0,0,0
/home/johannes/CMPUT663/cmput663-cpp-replic/cppstats0.7/projects/subversion-1.5.1/_cppstats/subversion/libsvn_repos/commit.c.xml,591,0,0,0,0,,,,,,,,0,0,0,0,0,0,0,0
/home/johannes/CMPUT663/cmput663-cpp-replic/cppstats0.7/projects/subversion-1.5.1/_cppstats/subversion/libsvn_repos/hooks.c.xml,571,2,258,1.0,0.0,,,,,,,,2,2,0,0,0,0,0,1
/home/johannes/CMPUT663/cmput663-cpp-replic/cppstats0.7/projects/subversion-1.5.1/_cppstats/subversion/libsvn_repos/dump.c.xml,759,0,0,0,0,,,,,,,,0,0,0,0,0,0,0,0
/home/johannes/CMPUT663/cmput663-cpp-replic/cppstats0.7/projects/subversion-1.5.1/_cppstats/subversion/libsvn_repos/fs-wrap.c.xml,407,0,0,0,0,,,,,,,,0,0,0,0,0,0,0,0
/home/johannes/CMPUT663/cmput663-cpp-replic/cppstats0.7/projects/subversion-1.5.1/_cppstats/subversion/libsvn_repos/node_tree.c.xml,273,0,0,0,0,,,,,,,,0,0,0,0,0,0,0,0
/home/johannes/CMPUT663/cmput663-cpp-replic/cppstats0.7/projects/subversion-1.5.1/_cppstats/subversion/libsvn_repos/repos.c.xml,1309,0,0,0,0,,,,,,,,0,0,0,0,0,0,0,0
/home/johannes/CMPUT663/cmput663-cpp-replic/cppstats0.7/projects/subversion-1.5.1/_cppstats/subversion/libsvn_repos/load.c.xml,971,0,0,0,0,,,,,,,,0,0,0,0,0,0,0,0
/home/johannes/CMPUT663/cmput663-cpp-replic/cppstats0.7/projects/subversion-1.5.1/_cppstats/subversion/libsvn_ra_local/ra_local.h.xml,32,2,25,1.6666666666666667,0.5773502691896257,,,,,,,,2,1,0,0,0,0,0,2
/home/johannes/CMPUT663/cmput663-cpp-replic/cppstats0.7/projects/subversion-1.5.1/_cppstats/subversion/libsvn_ra_local/split_url.c.xml,83,2,22,1.0,0,,,,,,,,0,2,0,0,0,0,0,1
/home/johannes/CMPUT663/cmput663-cpp-replic/cppstats0.7/projects/subversion-1.5.1/_cppstats/subversion/libsvn_ra_local/ra_plugin.c.xml,1032,1,1,1.0,0,,,,,,,,0,1,0,0,0,0,0,1
/home/johannes/CMPUT663/cmput663-cpp-replic/cppstats0.7/projects/subversion-1.5.1/_cppstats/subversion/libsvn_subr/lock.c.xml,17,0,0,0,0,,,,,,,,0,0,0,0,0,0,0,0
/home/johannes/CMPUT663/cmput663-cpp-replic/cppstats0.7/projects/subversion-1.5.1/_cppstats/subversion/libsvn_subr/win32_xlate.h.xml,16,2,11,1.5,0.7071067811865476,,,,,,,,2,0,0,0,0,0,0,2
/home/johannes/CMPUT663/cmput663-cpp-replic/cppstats0.7/projects/subversion-1.5.1/_cppstats/subversion/libsvn_subr/properties.c.xml,158,0,0,0,0,,,,,,,,0,0,0,0,0,0,0,0
/home/johannes/CMPUT663/cmput663-cpp-replic/cppstats0.7/projects/subversion-1.5.1/_cppstats/subversion/libsvn_subr/md5.c.xml,36,0,0,0,0,,,,,,,,0,0,0,0,0,0,0,0
/home/johannes/CMPUT663/cmput663-cpp-replic/cppstats0.7/projects/subversion-1.5.1/_cppstats/subversion/libsvn_subr/sorts.c.xml,70,0,0,0,0,,,,,,,,0,0,0,0,0,0,0,0
/home/johannes/CMPUT663/cmput663-cpp-replic/cppstats0.7/projects/subversion-1.5.1/_cppstats/subversion/libsvn_subr/svn_string.c.xml,335,0,0,0,0,,,,,,,,0,0,0,0,0,0,0,0
/home/johannes/CMPUT663/cmput663-cpp-replic/cppstats0.7/projects/subversion-1.5.1/_cppstats/subversion/libsvn_subr/validate.c.xml,30,0,0,0,0,,,,,,,,0,0,0,0,0,0,0,0
/home/johannes/CMPUT663/cmput663-cpp-replic/cppstats0.7/projects/subversion-1.5.1/_cppstats/subversion/libsvn_subr/utf_validate.c.xml,297,0,0,0,0,,,,,,,,0,0,0,0,0,0,0,0
/home/johannes/CMPUT663/cmput663-cpp-replic/cppstats0.7/projects/subversion-1.5.1/_cppstats/subversion/libsvn_subr/mergeinfo.c.xml,940,0,0,0,0,,,,,,,,0,0,0,0,0,0,0,0
/home/johannes/CMPUT663/cmput663-cpp-replic/cppstats0.7/projects/subversion-1.5.1/_cppstats/subversion/libsvn_subr/win32_crashrpt.c.xml,572,6,553,2.6666666666666665,1.0327955589886444,,,,,,,,3,9,0,0,0,0,0,4
/home/johannes/CMPUT663/cmput663-cpp-replic/cppstats0.7/projects/subversion-1.5.1/_cppstats/subversion/libsvn_subr/stream.c.xml,566,0,0,0,0,,,,,,,,0,0,0,0,0,0,0,0
/home/johannes/CMPUT663/cmput663-cpp-replic/cppstats0.7/projects/subversion-1.5.1/_cppstats/subversion/libsvn_subr/ssl_client_cert_providers.c.xml,120,0,0,0,0,,,,,,,,0,0,0,0,0,0,0,0
/home/johannes/CMPUT663/cmput663-cpp-replic/cppstats0.7/projects/subversion-1.5.1/_cppstats/subversion/libsvn_subr/nls.c.xml,81,3,58,1.6,0.8944271909999159,,,,,,,,2,4,0,0,0,0,0,3
/home/johannes/CMPUT663/cmput663-cpp-replic/cppstats0.7/projects/subversion-1.5.1/_cppstats/subversion/libsvn_subr/quoprint.c.xml,164,0,0,0,0,,,,,,,,0,0,0,0,0,0,0,0
/home/johannes/CMPUT663/cmput663-cpp-replic/cppstats0.7/projects/subversion-1.5.1/_cppstats/subversion/libsvn_subr/cmdline.c.xml,333,6,44,1.3333333333333333,0.492365963917331,,,,,,,,1,10,1,0,0,0,0,2
/home/johannes/CMPUT663/cmput663-cpp-replic/cppstats0.7/projects/subversion-1.5.1/_cppstats/subversion/libsvn_subr/atomic.c.xml,39,1,12,1.0,0.0,,,,,,,,0,0,2,0,0,0,0,1
/home/johannes/CMPUT663/cmput663-cpp-replic/cppstats0.7/projects/subversion-1.5.1/_cppstats/subversion/libsvn_subr/win32_crashrpt_dll.h.xml,60,3,53,2.0,1.0,,,,,,,,3,0,0,0,0,0,0,3
/home/johannes/CMPUT663/cmput663-cpp-replic/cppstats0.7/projects/subversion-1.5.1/_cppstats/subversion/libsvn_subr/dso.c.xml,72,2,41,1.5714285714285714,0.5345224838248488,,,,,,,,2,3,2,0,0,0,0,2
/home/johannes/CMPUT663/cmput663-cpp-replic/cppstats0.7/projects/subversion-1.5.1/_cppstats/subversion/libsvn_subr/prompt.c.xml,247,2,3,1.0,0.0,,,,,,,,0,3,0,0,0,0,0,1
/home/johannes/CMPUT663/cmput663-cpp-replic/cppstats0.7/projects/subversion-1.5.1/_cppstats/subversion/libsvn_subr/win32_xlate.c.xml,131,2,126,1.5,0.7071067811865476,,,,,,,,2,0,0,0,0,0,0,2
/home/johannes/CMPUT663/cmput663-cpp-replic/cppstats0.7/projects/subversion-1.5.1/_cppstats/subversion/libsvn_subr/io.c.xml,2146,13,367,1.2285714285714286,0.4260429614980356,,,,,,,,7,36,6,0,0,0,0,2
/home/johannes/CMPUT663/cmput663-cpp-replic/cppstats0.7/projects/subversion-1.5.1/_cppstats/subversion/libsvn_subr/xml.c.xml,369,2,3,1.0,0.0,,,,,,,,3,0,0,0,0,0,0,1
/home/johannes/CMPUT663/cmput663-cpp-replic/cppstats0.7/projects/subversion-1.5.1/_cppstats/subversion/libsvn_subr/time.c.xml,149,0,0,0,0,,,,,,,,0,0,0,0,0,0,0,0
/home/johannes/CMPUT663/cmput663-cpp-replic/cppstats0.7/projects/subversion-1.5.1/_cppstats/subversion/libsvn_subr/auth.c.xml,222,0,0,0,0,,,,,,,,0,0,0,0,0,0,0,0
/home/johannes/CMPUT663/cmput663-cpp-replic/cppstats0.7/projects/subversion-1.5.1/_cppstats/subversion/libsvn_subr/iter.c.xml,66,0,0,0,0,,,,,,,,0,0,0,0,0,0,0,0
/home/johannes/CMPUT663/cmput663-cpp-replic/cppstats0.7/projects/subversion-1.5.1/_cppstats/subversion/libsvn_subr/username_providers.c.xml,182,0,0,0,0,,,,,,,,0,0,0,0,0,0,0,0
/home/johannes/CMPUT663/cmput663-cpp-replic/cppstats0.7/projects/subversion-1.5.1/_cppstats/subversion/libsvn_subr/ssl_client_cert_pw_providers.c.xml,118,0,0,0,0,,,,,,,,0,0,0,0,0,0,0,0
/home/johannes/CMPUT663/cmput663-cpp-replic/cppstats0.7/projects/subversion-1.5.1/_cppstats/subversion/libsvn_subr/config_auth.c.xml,81,0,0,0,0,,,,,,,,0,0,0,0,0,0,0,0
/home/johannes/CMPUT663/cmput663-cpp-replic/cppstats0.7/projects/subversion-1.5.1/_cppstats/subversion/libsvn_subr/version.c.xml,46,0,0,0,0,,,,,,,,0,0,0,0,0,0,0,0
/home/johannes/CMPUT663/cmput663-cpp-replic/cppstats0.7/projects/subversion-1.5.1/_cppstats/subversion/libsvn_subr/date.c.xml,196,0,0,0,0,,,,,,,,0,0,0,0,0,0,0,0
/home/johannes/CMPUT663/cmput663-cpp-replic/cppstats0.7/projects/subversion-1.5.1/_cppstats/subversion/libsvn_subr/path.c.xml,838,3,30,1.0,0.0,,,,,,,,1,2,1,0,0,0,0,1
/home/johannes/CMPUT663/cmput663-cpp-replic/cppstats0.7/projects/subversion-1.5.1/_cppstats/subversion/libsvn_subr/svn_base64.c.xml,219,0,0,0,0,,,,,,,,0,0,0,0,0,0,0,0
/home/johannes/CMPUT663/cmput663-cpp-replic/cppstats0.7/projects/subversion-1.5.1/_cppstats/subversion/libsvn_subr/config_win.c.xml,228,2,222,1.5,0.7071067811865476,,,,,,,,2,0,0,0,0,0,0,2
/home/johannes/CMPUT663/cmput663-cpp-replic/cppstats0.7/projects/subversion-1.5.1/_cppstats/subversion/libsvn_subr/win32_crashrpt.h.xml,9,3,2,2.0,1.0,,,,,,,,3,0,0,0,0,0,0,3
/home/johannes/CMPUT663/cmput663-cpp-replic/cppstats0.7/projects/subversion-1.5.1/_cppstats/subversion/libsvn_subr/subst.c.xml,1209,0,0,0,0,,,,,,,,0,0,0,0,0,0,0,0
/home/johannes/CMPUT663/cmput663-cpp-replic/cppstats0.7/projects/subversion-1.5.1/_cppstats/subversion/libsvn_subr/ssl_server_trust_providers.c.xml,283,2,118,1.0,0,,,,,,,,1,0,0,0,0,0,0,1
/home/johannes/CMPUT663/cmput663-cpp-replic/cppstats0.7/projects/subversion-1.5.1/_cppstats/subversion/libsvn_subr/config_impl.h.xml,76,3,65,1.8,0.44721359549995804,,,,,,,,2,4,0,0,0,0,0,2
/home/johannes/CMPUT663/cmput663-cpp-replic/cppstats0.7/projects/subversion-1.5.1/_cppstats/subversion/libsvn_subr/kitchensink.c.xml,90,0,0,0,0,,,,,,,,0,0,0,0,0,0,0,0
/home/johannes/CMPUT663/cmput663-cpp-replic/cppstats0.7/projects/subversion-1.5.1/_cppstats/subversion/libsvn_subr/opt.c.xml,816,0,0,0,0,,,,,,,,0,0,0,0,0,0,0,0
/home/johannes/CMPUT663/cmput663-cpp-replic/cppstats0.7/projects/subversion-1.5.1/_cppstats/subversion/libsvn_subr/utf.c.xml,618,3,104,1.0,0.0,,,,,,,,3,11,9,0,0,0,0,1
/home/johannes/CMPUT663/cmput663-cpp-replic/cppstats0.7/projects/subversion-1.5.1/_cppstats/subversion/libsvn_subr/hash.c.xml,281,0,8,1.0,0,,,,,,,,0,2,0,0,0,0,0,1
/home/johannes/CMPUT663/cmput663-cpp-replic/cppstats0.7/projects/subversion-1.5.1/_cppstats/subversion/libsvn_subr/constructors.c.xml,99,0,0,0,0,,,,,,,,0,0,0,0,0,0,0,0
/home/johannes/CMPUT663/cmput663-cpp-replic/cppstats0.7/projects/subversion-1.5.1/_cppstats/subversion/libsvn_subr/error.c.xml,294,1,35,1.0,0.0,,,,,,,,2,5,2,0,0,0,0,1
/home/johannes/CMPUT663/cmput663-cpp-replic/cppstats0.7/projects/subversion-1.5.1/_cppstats/subversion/libsvn_subr/config_file.c.xml,758,2,24,1.0,0.0,,,,,,,,0,4,0,3,0,0,0,1
/home/johannes/CMPUT663/cmput663-cpp-replic/cppstats0.7/projects/subversion-1.5.1/_cppstats/subversion/libsvn_subr/ctype.c.xml,284,0,0,0,0,,,,,,,,0,0,0,0,0,0,0,0
/home/johannes/CMPUT663/cmput663-cpp-replic/cppstats0.7/projects/subversion-1.5.1/_cppstats/subversion/libsvn_subr/user.c.xml,45,1,6,1.0,0,,,,,,,,0,1,0,0,0,0,0,1
/home/johannes/CMPUT663/cmput663-cpp-replic/cppstats0.7/projects/subversion-1.5.1/_cppstats/subversion/libsvn_subr/pool.c.xml,46,1,25,1.0,0.0,,,,,,,,4,0,0,0,0,0,0,1
/home/johannes/CMPUT663/cmput663-cpp-replic/cppstats0.7/projects/subversion-1.5.1/_cppstats/subversion/libsvn_subr/target.c.xml,136,0,0,0,0,,,,,,,,0,0,0,0,0,0,0,0
/home/johannes/CMPUT663/cmput663-cpp-replic/cppstats0.7/projects/subversion-1.5.1/_cppstats/subversion/libsvn_subr/utf_impl.h.xml,22,2,15,1.6666666666666667,0.5773502691896257,,,,,,,,2,1,0,0,0,0,0,2
/home/johannes/CMPUT663/cmput663-cpp-replic/cppstats0.7/projects/subversion-1.5.1/_cppstats/subversion/libsvn_subr/config.c.xml,555,1,20,1.0,0.0,,,,,,,,0,3,1,0,0,0,0,1
/home/johannes/CMPUT663/cmput663-cpp-replic/cppstats0.7/projects/subversion-1.5.1/_cppstats/subversion/libsvn_subr/compat.c.xml,101,0,0,0,0,,,,,,,,0,0,0,0,0,0,0,0
/home/johannes/CMPUT663/cmput663-cpp-replic/cppstats0.7/projects/subversion-1.5.1/_cppstats/subversion/libsvn_subr/simple_providers.c.xml,574,3,233,1.0,0.0,,,,,,,,2,0,0,0,0,0,0,1
/home/johannes/CMPUT663/cmput663-cpp-replic/cppstats0.7/projects/subversion-1.5.1/_cppstats/subversion/libsvn_ra_serf/locks.c.xml,507,0,0,0,0,,,,,,,,0,0,0,0,0,0,0,0
/home/johannes/CMPUT663/cmput663-cpp-replic/cppstats0.7/projects/subversion-1.5.1/_cppstats/subversion/libsvn_ra_serf/getlocationsegments.c.xml,164,0,0,0,0,,,,,,,,0,0,0,0,0,0,0,0
/home/johannes/CMPUT663/cmput663-cpp-replic/cppstats0.7/projects/subversion-1.5.1/_cppstats/subversion/libsvn_ra_serf/mergeinfo.c.xml,215,0,0,0,0,,,,,,,,0,0,0,0,0,0,0,0
/home/johannes/CMPUT663/cmput663-cpp-replic/cppstats0.7/projects/subversion-1.5.1/_cppstats/subversion/libsvn_ra_serf/getdate.c.xml,158,0,0,0,0,,,,,,,,0,0,0,0,0,0,0,0
/home/johannes/CMPUT663/cmput663-cpp-replic/cppstats0.7/projects/subversion-1.5.1/_cppstats/subversion/libsvn_ra_serf/replay.c.xml,523,0,0,0,0,,,,,,,,0,0,0,0,0,0,0,0
/home/johannes/CMPUT663/cmput663-cpp-replic/cppstats0.7/projects/subversion-1.5.1/_cppstats/subversion/libsvn_ra_serf/update.c.xml,1734,0,1,1.0,0,,,,,,,,0,1,0,0,0,0,0,1
/home/johannes/CMPUT663/cmput663-cpp-replic/cppstats0.7/projects/subversion-1.5.1/_cppstats/subversion/libsvn_ra_serf/xml.c.xml,133,0,0,0,0,,,,,,,,0,0,0,0,0,0,0,0
/home/johannes/CMPUT663/cmput663-cpp-replic/cppstats0.7/projects/subversion-1.5.1/_cppstats/subversion/libsvn_ra_serf/log.c.xml,420,0,0,0,0,,,,,,,,0,0,0,0,0,0,0,0
/home/johannes/CMPUT663/cmput663-cpp-replic/cppstats0.7/projects/subversion-1.5.1/_cppstats/subversion/libsvn_ra_serf/commit.c.xml,1412,0,3,1.0,0.0,,,,,,,,0,3,0,0,0,0,0,1
/home/johannes/CMPUT663/cmput663-cpp-replic/cppstats0.7/projects/subversion-1.5.1/_cppstats/subversion/libsvn_ra_serf/auth.c.xml,292,1,7,1.0,0,,,,,,,,0,1,0,0,0,0,0,1
/home/johannes/CMPUT663/cmput663-cpp-replic/cppstats0.7/projects/subversion-1.5.1/_cppstats/subversion/libsvn_ra_serf/serf.c.xml,803,0,69,1.0,0.0,,,,,,,,1,5,1,0,0,0,0,1
/home/johannes/CMPUT663/cmput663-cpp-replic/cppstats0.7/projects/subversion-1.5.1/_cppstats/subversion/libsvn_ra_serf/property.c.xml,625,0,0,0,0,,,,,,,,0,0,0,0,0,0,0,0
/home/johannes/CMPUT663/cmput663-cpp-replic/cppstats0.7/projects/subversion-1.5.1/_cppstats/subversion/libsvn_ra_serf/merge.c.xml,386,0,0,0,0,,,,,,,,0,0,0,0,0,0,0,0
/home/johannes/CMPUT663/cmput663-cpp-replic/cppstats0.7/projects/subversion-1.5.1/_cppstats/subversion/libsvn_ra_serf/win32_auth_sspi.h.xml,39,3,32,2.0,1.0,,,,,,,,3,0,0,0,0,0,0,3
/home/johannes/CMPUT663/cmput663-cpp-replic/cppstats0.7/projects/subversion-1.5.1/_cppstats/subversion/libsvn_ra_serf/blame.c.xml,371,0,0,0,0,,,,,,,,0,0,0,0,0,0,0,0
/home/johannes/CMPUT663/cmput663-cpp-replic/cppstats0.7/projects/subversion-1.5.1/_cppstats/subversion/libsvn_ra_serf/getlocations.c.xml,181,0,0,0,0,,,,,,,,0,0,0,0,0,0,0,0
/home/johannes/CMPUT663/cmput663-cpp-replic/cppstats0.7/projects/subversion-1.5.1/_cppstats/subversion/libsvn_ra_serf/ra_serf.h.xml,684,3,673,2.0,0.7071067811865476,,,,,,,,4,1,0,0,0,0,0,3
/home/johannes/CMPUT663/cmput663-cpp-replic/cppstats0.7/projects/subversion-1.5.1/_cppstats/subversion/libsvn_ra_serf/options.c.xml,177,0,0,0,0,,,,,,,,0,0,0,0,0,0,0,0
/home/johannes/CMPUT663/cmput663-cpp-replic/cppstats0.7/projects/subversion-1.5.1/_cppstats/subversion/libsvn_ra_serf/propfind_buckets.c.xml,151,0,6,1.0,0,,,,,,,,0,1,0,0,0,0,0,1
/home/johannes/CMPUT663/cmput663-cpp-replic/cppstats0.7/projects/subversion-1.5.1/_cppstats/subversion/libsvn_ra_serf/win32_auth_sspi.c.xml,188,3,176,1.3333333333333333,0.5773502691896257,,,,,,,,3,0,0,0,0,0,0,2
/home/johannes/CMPUT663/cmput663-cpp-replic/cppstats0.7/projects/subversion-1.5.1/_cppstats/subversion/libsvn_ra_serf/util.c.xml,955,1,180,1.0,0.0,,,,,,,,3,7,3,0,0,0,0,1
/home/johannes/CMPUT663/cmput663-cpp-replic/cppstats0.7/projects/subversion-1.5.1/_cppstats/subversion/libsvn_ra_serf/getlocks.c.xml,226,0,0,0,0,,,,,,,,0,0,0,0,0,0,0,0
/home/johannes/CMPUT663/cmput663-cpp-replic/cppstats0.7/projects/subversion-1.5.1/_cppstats/subversion/libsvn_delta/delta.h.xml,40,2,30,1.6666666666666667,0.5773502691896257,,,,,,,,2,1,0,0,0,0,0,2
/home/johannes/CMPUT663/cmput663-cpp-replic/cppstats0.7/projects/subversion-1.5.1/_cppstats/subversion/libsvn_delta/xdelta.c.xml,208,0,0,0,0,,,,,,,,0,0,0,0,0,0,0,0
/home/johannes/CMPUT663/cmput663-cpp-replic/cppstats0.7/projects/subversion-1.5.1/_cppstats/subversion/libsvn_delta/default_editor.c.xml,104,0,0,0,0,,,,,,,,0,0,0,0,0,0,0,0
/home/johannes/CMPUT663/cmput663-cpp-replic/cppstats0.7/projects/subversion-1.5.1/_cppstats/subversion/libsvn_delta/text_delta.c.xml,478,0,0,0,0,,,,,,,,0,0,0,0,0,0,0,0
/home/johannes/CMPUT663/cmput663-cpp-replic/cppstats0.7/projects/subversion-1.5.1/_cppstats/subversion/libsvn_delta/debug_editor.c.xml,310,0,0,0,0,,,,,,,,0,0,0,0,0,0,0,0
/home/johannes/CMPUT663/cmput663-cpp-replic/cppstats0.7/projects/subversion-1.5.1/_cppstats/subversion/libsvn_delta/cancel.c.xml,278,0,0,0,0,,,,,,,,0,0,0,0,0,0,0,0
/home/johannes/CMPUT663/cmput663-cpp-replic/cppstats0.7/projects/subversion-1.5.1/_cppstats/subversion/libsvn_delta/version.c.xml,6,0,0,0,0,,,,,,,,0,0,0,0,0,0,0,0
/home/johannes/CMPUT663/cmput663-cpp-replic/cppstats0.7/projects/subversion-1.5.1/_cppstats/subversion/libsvn_delta/depth_filter_editor.c.xml,295,0,0,0,0,,,,,,,,0,0,0,0,0,0,0,0
/home/johannes/CMPUT663/cmput663-cpp-replic/cppstats0.7/projects/subversion-1.5.1/_cppstats/subversion/libsvn_delta/svndiff.c.xml,563,0,0,0,0,,,,,,,,0,0,0,0,0,0,0,0
/home/johannes/CMPUT663/cmput663-cpp-replic/cppstats0.7/projects/subversion-1.5.1/_cppstats/subversion/libsvn_delta/path_driver.c.xml,143,0,0,0,0,,,,,,,,0,0,0,0,0,0,0,0
/home/johannes/CMPUT663/cmput663-cpp-replic/cppstats0.7/projects/subversion-1.5.1/_cppstats/subversion/libsvn_delta/compose_delta.c.xml,484,1,1,1.0,0,,,,,,,,1,0,0,0,0,0,0,1
/home/johannes/CMPUT663/cmput663-cpp-replic/cppstats0.7/projects/subversion-1.5.1/_cppstats/subversion/libsvn_delta/debug_editor.h.xml,17,2,10,1.6666666666666667,0.5773502691896257,,,,,,,,2,1,0,0,0,0,0,2
/home/johannes/CMPUT663/cmput663-cpp-replic/cppstats0.7/projects/subversion-1.5.1/_cppstats/subversion/libsvn_delta/vdelta.c.xml,163,0,19,1.0,0,,,,,,,,0,1,0,0,0,0,0,1
/home/johannes/CMPUT663/cmput663-cpp-replic/cppstats0.7/projects/subversion-1.5.1/_cppstats/subversion/libsvn_delta/compat.c.xml,42,0,0,0,0,,,,,,,,0,0,0,0,0,0,0,0
/home/johannes/CMPUT663/cmput663-cpp-replic/cppstats0.7/projects/subversion-1.5.1/_cppstats/subversion/libsvn_diff/diff_file.c.xml,1070,1,18,1.0,0.0,,,,,,,,2,2,1,0,0,0,0,1
/home/johannes/CMPUT663/cmput663-cpp-replic/cppstats0.7/projects/subversion-1.5.1/_cppstats/subversion/libsvn_diff/diff4.c.xml,111,0,0,0,0,,,,,,,,0,0,0,0,0,0,0,0
/home/johannes/CMPUT663/cmput663-cpp-replic/cppstats0.7/projects/subversion-1.5.1/_cppstats/subversion/libsvn_diff/lcs.c.xml,136,0,0,0,0,,,,,,,,0,0,0,0,0,0,0,0
/home/johannes/CMPUT663/cmput663-cpp-replic/cppstats0.7/projects/subversion-1.5.1/_cppstats/subversion/libsvn_diff/diff.c.xml,84,0,0,0,0,,,,,,,,0,0,0,0,0,0,0,0
/home/johannes/CMPUT663/cmput663-cpp-replic/cppstats0.7/projects/subversion-1.5.1/_cppstats/subversion/libsvn_diff/diff.h.xml,79,1,76,1.0,0,,,,,,,,1,0,0,0,0,0,0,1
/home/johannes/CMPUT663/cmput663-cpp-replic/cppstats0.7/projects/subversion-1.5.1/_cppstats/subversion/libsvn_diff/token.c.xml,103,0,0,0,0,,,,,,,,0,0,0,0,0,0,0,0
/home/johannes/CMPUT663/cmput663-cpp-replic/cppstats0.7/projects/subversion-1.5.1/_cppstats/subversion/libsvn_diff/diff_memory.c.xml,518,0,0,0,0,,,,,,,,0,0,0,0,0,0,0,0
/home/johannes/CMPUT663/cmput663-cpp-replic/cppstats0.7/projects/subversion-1.5.1/_cppstats/subversion/libsvn_diff/diff3.c.xml,303,0,0,0,0,,,,,,,,0,0,0,0,0,0,0,0
/home/johannes/CMPUT663/cmput663-cpp-replic/cppstats0.7/projects/subversion-1.5.1/_cppstats/subversion/libsvn_diff/util.c.xml,172,0,0,0,0,,,,,,,,0,0,0,0,0,0,0,0
/home/johannes/CMPUT663/cmput663-cpp-replic/cppstats0.7/projects/subversion-1.5.1/_cppstats/subversion/svndumpfilter/main.c.xml,935,0,0,0,0,,,,,,,,0,0,0,0,0,0,0,0
/home/johannes/CMPUT663/cmput663-cpp-replic/cppstats0.7/projects/subversion-1.5.1/_cppstats/subversion/include/svn_ra.h.xml,687,2,680,1.6666666666666667,0.5773502691896257,,,,,,,,2,1,0,0,0,0,0,2
/home/johannes/CMPUT663/cmput663-cpp-replic/cppstats0.7/projects/subversion-1.5.1/_cppstats/subversion/include/svn_cmdline.h.xml,112,3,103,1.75,0.5,,,,,,,,4,0,0,0,0,0,0,2
/home/johannes/CMPUT663/cmput663-cpp-replic/cppstats0.7/projects/subversion-1.5.1/_cppstats/subversion/include/svn_path.h.xml,90,2,83,1.6666666666666667,0.5773502691896257,,,,,,,,2,1,0,0,0,0,0,2
/home/johannes/CMPUT663/cmput663-cpp-replic/cppstats0.7/projects/subversion-1.5.1/_cppstats/subversion/include/svn_string.h.xml,103,2,96,1.6666666666666667,0.5773502691896257,,,,,,,,3,0,0,0,0,0,0,2
/home/johannes/CMPUT663/cmput663-cpp-replic/cppstats0.7/projects/subversion-1.5.1/_cppstats/subversion/include/svn_dav.h.xml,32,2,25,1.6666666666666667,0.5773502691896257,,,,,,,,2,1,0,0,0,0,0,2
/home/johannes/CMPUT663/cmput663-cpp-replic/cppstats0.7/projects/subversion-1.5.1/_cppstats/subversion/include/svn_hash.h.xml,62,2,55,1.6666666666666667,0.5773502691896257,,,,,,,,2,1,0,0,0,0,0,2
/home/johannes/CMPUT663/cmput663-cpp-replic/cppstats0.7/projects/subversion-1.5.1/_cppstats/subversion/include/svn_config.h.xml,141,2,134,1.6666666666666667,0.5773502691896257,,,,,,,,2,1,0,0,0,0,0,2
/home/johannes/CMPUT663/cmput663-cpp-replic/cppstats0.7/projects/subversion-1.5.1/_cppstats/subversion/include/svn_iter.h.xml,27,0,0,0,0,,,,,,,,0,0,0,0,0,0,0,0
/home/johannes/CMPUT663/cmput663-cpp-replic/cppstats0.7/projects/subversion-1.5.1/_cppstats/subversion/include/mod_authz_svn.h.xml,17,2,10,1.6666666666666667,0.5773502691896257,,,,,,,,2,1,0,0,0,0,0,2
/home/johannes/CMPUT663/cmput663-cpp-replic/cppstats0.7/projects/subversion-1.5.1/_cppstats/subversion/include/svn_error_codes.h.xml,745,4,734,2.0,0.7071067811865476,,,,,,,,2,4,0,0,0,0,0,3
/home/johannes/CMPUT663/cmput663-cpp-replic/cppstats0.7/projects/subversion-1.5.1/_cppstats/subversion/include/svn_base64.h.xml,20,2,13,1.6666666666666667,0.5773502691896257,,,,,,,,2,1,0,0,0,0,0,2
/home/johannes/CMPUT663/cmput663-cpp-replic/cppstats0.7/projects/subversion-1.5.1/_cppstats/subversion/include/svn_dso.h.xml,16,3,8,1.75,0.5,,,,,,,,2,2,0,0,0,0,0,2
/home/johannes/CMPUT663/cmput663-cpp-replic/cppstats0.7/projects/subversion-1.5.1/_cppstats/subversion/include/svn_user.h.xml,16,2,9,1.6666666666666667,0.5773502691896257,,,,,,,,2,1,0,0,0,0,0,2
/home/johannes/CMPUT663/cmput663-cpp-replic/cppstats0.7/projects/subversion-1.5.1/_cppstats/subversion/include/svn_error.h.xml,57,3,48,1.75,0.5,,,,,,,,4,0,0,0,0,0,0,2
/home/johannes/CMPUT663/cmput663-cpp-replic/cppstats0.7/projects/subversion-1.5.1/_cppstats/subversion/include/svn_time.h.xml,21,2,14,1.6666666666666667,0.5773502691896257,,,,,,,,2,1,0,0,0,0,0,2
/home/johannes/CMPUT663/cmput663-cpp-replic/cppstats0.7/projects/subversion-1.5.1/_cppstats/subversion/include/svn_compat.h.xml,31,2,24,1.6666666666666667,0.5773502691896257,,,,,,,,2,1,0,0,0,0,0,2
/home/johannes/CMPUT663/cmput663-cpp-replic/cppstats0.7/projects/subversion-1.5.1/_cppstats/subversion/include/mod_dav_svn.h.xml,23,2,16,1.6666666666666667,0.5773502691896257,,,,,,,,2,1,0,0,0,0,0,2
/home/johannes/CMPUT663/cmput663-cpp-replic/cppstats0.7/projects/subversion-1.5.1/_cppstats/subversion/include/svn_wc.h.xml,1436,2,1429,1.6666666666666667,0.5773502691896257,,,,,,,,2,1,0,0,0,0,0,2
/home/johannes/CMPUT663/cmput663-cpp-replic/cppstats0.7/projects/subversion-1.5.1/_cppstats/subversion/include/svn_nls.h.xml,12,2,5,1.6666666666666667,0.5773502691896257,,,,,,,,2,1,0,0,0,0,0,2
/home/johannes/CMPUT663/cmput663-cpp-replic/cppstats0.7/projects/subversion-1.5.1/_cppstats/subversion/include/svn_types.h.xml,200,7,183,1.8888888888888888,0.3333333333333334,,,,,,,,2,7,0,0,0,0,0,2
/home/johannes/CMPUT663/cmput663-cpp-replic/cppstats0.7/projects/subversion-1.5.1/_cppstats/subversion/include/svn_delta.h.xml,235,2,228,1.6666666666666667,0.5773502691896257,,,,,,,,2,1,0,0,0,0,0,2
/home/johannes/CMPUT663/cmput663-cpp-replic/cppstats0.7/projects/subversion-1.5.1/_cppstats/subversion/include/svn_xml.h.xml,91,2,84,1.6666666666666667,0.5773502691896257,,,,,,,,2,1,0,0,0,0,0,2
/home/johannes/CMPUT663/cmput663-cpp-replic/cppstats0.7/projects/subversion-1.5.1/_cppstats/subversion/include/svn_sorts.h.xml,36,4,26,1.8,0.44721359549995804,,,,,,,,4,1,0,0,0,0,0,2
/home/johannes/CMPUT663/cmput663-cpp-replic/cppstats0.7/projects/subversion-1.5.1/_cppstats/subversion/include/svn_fs.h.xml,457,2,450,1.6666666666666667,0.5773502691896257,,,,,,,,2,1,0,0,0,0,0,2
/home/johannes/CMPUT663/cmput663-cpp-replic/cppstats0.7/projects/subversion-1.5.1/_cppstats/subversion/include/svn_ctype.h.xml,55,2,48,1.6666666666666667,0.5773502691896257,,,,,,,,2,1,0,0,0,0,0,2
/home/johannes/CMPUT663/cmput663-cpp-replic/cppstats0.7/projects/subversion-1.5.1/_cppstats/subversion/include/svn_auth.h.xml,202,6,190,1.8333333333333333,0.408248290463863,,,,,,,,2,4,0,0,0,0,0,2
/home/johannes/CMPUT663/cmput663-cpp-replic/cppstats0.7/projects/subversion-1.5.1/_cppstats/subversion/include/svn_repos.h.xml,791,2,784,1.6666666666666667,0.5773502691896257,,,,,,,,2,1,0,0,0,0,0,2
/home/johannes/CMPUT663/cmput663-cpp-replic/cppstats0.7/projects/subversion-1.5.1/_cppstats/subversion/include/svn_md5.h.xml,21,2,14,1.6666666666666667,0.5773502691896257,,,,,,,,2,1,0,0,0,0,0,2
/home/johannes/CMPUT663/cmput663-cpp-replic/cppstats0.7/projects/subversion-1.5.1/_cppstats/subversion/include/svn_diff.h.xml,238,2,231,1.6666666666666667,0.5773502691896257,,,,,,,,2,1,0,0,0,0,0,2
/home/johannes/CMPUT663/cmput663-cpp-replic/cppstats0.7/projects/subversion-1.5.1/_cppstats/subversion/include/svn_client.h.xml,1252,5,1243,1.75,0.5,,,,,,,,2,2,0,0,0,0,0,2
/home/johannes/CMPUT663/cmput663-cpp-replic/cppstats0.7/projects/subversion-1.5.1/_cppstats/subversion/include/svn_subst.h.xml,171,2,164,1.6666666666666667,0.5773502691896257,,,,,,,,2,1,0,0,0,0,0,2
/home/johannes/CMPUT663/cmput663-cpp-replic/cppstats0.7/projects/subversion-1.5.1/_cppstats/subversion/include/svn_quoprint.h.xml,17,2,10,1.6666666666666667,0.5773502691896257,,,,,,,,2,1,0,0,0,0,0,2
/home/johannes/CMPUT663/cmput663-cpp-replic/cppstats0.7/projects/subversion-1.5.1/_cppstats/subversion/include/svn_ra_svn.h.xml,125,2,118,1.6666666666666667,0.5773502691896257,,,,,,,,2,1,0,0,0,0,0,2
/home/johannes/CMPUT663/cmput663-cpp-replic/cppstats0.7/projects/subversion-1.5.1/_cppstats/subversion/include/svn_version.h.xml,44,3,35,1.75,0.5,,,,,,,,3,1,0,0,0,0,0,2
/home/johannes/CMPUT663/cmput663-cpp-replic/cppstats0.7/projects/subversion-1.5.1/_cppstats/subversion/include/svn_mergeinfo.h.xml,94,2,87,1.6666666666666667,0.5773502691896257,,,,,,,,2,1,0,0,0,0,0,2
/home/johannes/CMPUT663/cmput663-cpp-replic/cppstats0.7/projects/subversion-1.5.1/_cppstats/subversion/include/svn_opt.h.xml,201,2,194,1.6666666666666667,0.5773502691896257,,,,,,,,2,1,0,0,0,0,0,2
/home/johannes/CMPUT663/cmput663-cpp-replic/cppstats0.7/projects/subversion-1.5.1/_cppstats/subversion/include/svn_props.h.xml,78,2,71,1.6666666666666667,0.5773502691896257,,,,,,,,2,1,0,0,0,0,0,2
/home/johannes/CMPUT663/cmput663-cpp-replic/cppstats0.7/projects/subversion-1.5.1/_cppstats/subversion/include/svn_io.h.xml,356,2,349,1.6666666666666667,0.5773502691896257,,,,,,,,3,0,0,0,0,0,0,2
/home/johannes/CMPUT663/cmput663-cpp-replic/cppstats0.7/projects/subversion-1.5.1/_cppstats/subversion/include/svn_utf.h.xml,65,3,56,1.75,0.5,,,,,,,,2,3,0,0,0,0,0,2
/home/johannes/CMPUT663/cmput663-cpp-replic/cppstats0.7/projects/subversion-1.5.1/_cppstats/subversion/include/svn_pools.h.xml,28,4,17,2.0,0.7071067811865476,,,,,,,,2,3,0,0,0,0,0,3
/home/johannes/CMPUT663/cmput663-cpp-replic/cppstats0.7/projects/subversion-1.5.1/_cppstats/subversion/libsvn_wc/lock.c.xml,1051,1,128,1.0,0,,,,,,,,2,0,0,0,0,0,0,1
/home/johannes/CMPUT663/cmput663-cpp-replic/cppstats0.7/projects/subversion-1.5.1/_cppstats/subversion/libsvn_wc/ambient_depth_filter_editor.c.xml,344,0,0,0,0,,,,,,,,0,0,0,0,0,0,0,0
/home/johannes/CMPUT663/cmput663-cpp-replic/cppstats0.7/projects/subversion-1.5.1/_cppstats/subversion/libsvn_wc/entries.c.xml,1915,0,73,1.0,0,,,,,,,,1,0,0,0,0,0,0,1
/home/johannes/CMPUT663/cmput663-cpp-replic/cppstats0.7/projects/subversion-1.5.1/_cppstats/subversion/libsvn_wc/copy.c.xml,495,1,13,1.0,0,,,,,,,,0,1,0,0,0,0,0,1
/home/johannes/CMPUT663/cmput663-cpp-replic/cppstats0.7/projects/subversion-1.5.1/_cppstats/subversion/libsvn_wc/adm_files.c.xml,664,0,0,0,0,,,,,,,,0,0,0,0,0,0,0,0
/home/johannes/CMPUT663/cmput663-cpp-replic/cppstats0.7/projects/subversion-1.5.1/_cppstats/subversion/libsvn_wc/wc.h.xml,99,2,92,1.6666666666666667,0.5773502691896257,,,,,,,,2,1,0,0,0,0,0,2
/home/johannes/CMPUT663/cmput663-cpp-replic/cppstats0.7/projects/subversion-1.5.1/_cppstats/subversion/libsvn_wc/questions.h.xml,31,2,24,1.6666666666666667,0.5773502691896257,,,,,,,,2,1,0,0,0,0,0,2
/home/johannes/CMPUT663/cmput663-cpp-replic/cppstats0.7/projects/subversion-1.5.1/_cppstats/subversion/libsvn_wc/log.c.xml,1629,1,5,1.0,0.0,,,,,,,,0,2,0,0,0,0,0,1
/home/johannes/CMPUT663/cmput663-cpp-replic/cppstats0.7/projects/subversion-1.5.1/_cppstats/subversion/libsvn_wc/lock.h.xml,45,2,38,1.6666666666666667,0.5773502691896257,,,,,,,,2,1,0,0,0,0,0,2
/home/johannes/CMPUT663/cmput663-cpp-replic/cppstats0.7/projects/subversion-1.5.1/_cppstats/subversion/libsvn_wc/adm_ops.h.xml,23,2,16,1.6666666666666667,0.5773502691896257,,,,,,,,2,1,0,0,0,0,0,2
/home/johannes/CMPUT663/cmput663-cpp-replic/cppstats0.7/projects/subversion-1.5.1/_cppstats/subversion/libsvn_wc/merge.c.xml,580,0,0,0,0,,,,,,,,0,0,0,0,0,0,0,0
/home/johannes/CMPUT663/cmput663-cpp-replic/cppstats0.7/projects/subversion-1.5.1/_cppstats/subversion/libsvn_wc/translate.c.xml,240,0,0,0,0,,,,,,,,0,0,0,0,0,0,0,0
/home/johannes/CMPUT663/cmput663-cpp-replic/cppstats0.7/projects/subversion-1.5.1/_cppstats/subversion/libsvn_wc/diff.c.xml,1193,0,0,0,0,,,,,,,,0,0,0,0,0,0,0,0
/home/johannes/CMPUT663/cmput663-cpp-replic/cppstats0.7/projects/subversion-1.5.1/_cppstats/subversion/libsvn_wc/entries.h.xml,117,2,110,1.6666666666666667,0.5773502691896257,,,,,,,,2,1,0,0,0,0,0,2
/home/johannes/CMPUT663/cmput663-cpp-replic/cppstats0.7/projects/subversion-1.5.1/_cppstats/subversion/libsvn_wc/status.c.xml,1429,1,10,1.0,0.0,,,,,,,,0,1,2,0,1,0,0,1
/home/johannes/CMPUT663/cmput663-cpp-replic/cppstats0.7/projects/subversion-1.5.1/_cppstats/subversion/libsvn_wc/log.h.xml,135,2,128,1.6666666666666667,0.5773502691896257,,,,,,,,2,1,0,0,0,0,0,2
/home/johannes/CMPUT663/cmput663-cpp-replic/cppstats0.7/projects/subversion-1.5.1/_cppstats/subversion/libsvn_wc/props.c.xml,2141,0,52,1.0,0.0,,,,,,,,2,0,0,0,0,0,0,1
/home/johannes/CMPUT663/cmput663-cpp-replic/cppstats0.7/projects/subversion-1.5.1/_cppstats/subversion/libsvn_wc/update_editor.c.xml,2299,0,0,0,0,,,,,,,,0,0,0,0,0,0,0,0
/home/johannes/CMPUT663/cmput663-cpp-replic/cppstats0.7/projects/subversion-1.5.1/_cppstats/subversion/libsvn_wc/adm_files.h.xml,96,2,89,1.6666666666666667,0.5773502691896257,,,,,,,,2,1,0,0,0,0,0,2
/home/johannes/CMPUT663/cmput663-cpp-replic/cppstats0.7/projects/subversion-1.5.1/_cppstats/subversion/libsvn_wc/translate.h.xml,38,2,31,1.6666666666666667,0.5773502691896257,,,,,,,,2,1,0,0,0,0,0,2
/home/johannes/CMPUT663/cmput663-cpp-replic/cppstats0.7/projects/subversion-1.5.1/_cppstats/subversion/libsvn_wc/adm_crawler.c.xml,705,0,0,0,0,,,,,,,,0,0,0,0,0,0,0,0
/home/johannes/CMPUT663/cmput663-cpp-replic/cppstats0.7/projects/subversion-1.5.1/_cppstats/subversion/libsvn_wc/questions.c.xml,336,0,0,0,0,,,,,,,,0,0,0,0,0,0,0,0
/home/johannes/CMPUT663/cmput663-cpp-replic/cppstats0.7/projects/subversion-1.5.1/_cppstats/subversion/libsvn_wc/util.c.xml,175,0,0,0,0,,,,,,,,0,0,0,0,0,0,0,0
/home/johannes/CMPUT663/cmput663-cpp-replic/cppstats0.7/projects/subversion-1.5.1/_cppstats/subversion/libsvn_wc/revision_status.c.xml,92,0,0,0,0,,,,,,,,0,0,0,0,0,0,0,0
/home/johannes/CMPUT663/cmput663-cpp-replic/cppstats0.7/projects/subversion-1.5.1/_cppstats/subversion/libsvn_wc/adm_ops.c.xml,1897,0,0,0,0,,,,,,,,0,0,0,0,0,0,0,0
/home/johannes/CMPUT663/cmput663-cpp-replic/cppstats0.7/projects/subversion-1.5.1/_cppstats/subversion/libsvn_wc/relocate.c.xml,178,0,0,0,0,,,,,,,,0,0,0,0,0,0,0,0
/home/johannes/CMPUT663/cmput663-cpp-replic/cppstats0.7/projects/subversion-1.5.1/_cppstats/subversion/libsvn_wc/props.h.xml,107,2,100,1.6666666666666667,0.5773502691896257,,,,,,,,2,1,0,0,0,0,0,2
/home/johannes/CMPUT663/cmput663-cpp-replic/cppstats0.7/projects/subversion-1.5.1/_cppstats/subversion/libsvn_ra_neon/lock.c.xml,379,0,0,0,0,,,,,,,,0,0,0,0,0,0,0,0
/home/johannes/CMPUT663/cmput663-cpp-replic/cppstats0.7/projects/subversion-1.5.1/_cppstats/subversion/libsvn_ra_neon/get_locks.c.xml,223,0,0,0,0,,,,,,,,0,0,0,0,0,0,0,0
/home/johannes/CMPUT663/cmput663-cpp-replic/cppstats0.7/projects/subversion-1.5.1/_cppstats/subversion/libsvn_ra_neon/mergeinfo.c.xml,167,0,0,0,0,,,,,,,,0,0,0,0,0,0,0,0
/home/johannes/CMPUT663/cmput663-cpp-replic/cppstats0.7/projects/subversion-1.5.1/_cppstats/subversion/libsvn_ra_neon/get_location_segments.c.xml,133,0,0,0,0,,,,,,,,0,0,0,0,0,0,0,0
/home/johannes/CMPUT663/cmput663-cpp-replic/cppstats0.7/projects/subversion-1.5.1/_cppstats/subversion/libsvn_ra_neon/replay.c.xml,353,0,0,0,0,,,,,,,,0,0,0,0,0,0,0,0
/home/johannes/CMPUT663/cmput663-cpp-replic/cppstats0.7/projects/subversion-1.5.1/_cppstats/subversion/libsvn_ra_neon/log.c.xml,360,0,0,0,0,,,,,,,,0,0,0,0,0,0,0,0
/home/johannes/CMPUT663/cmput663-cpp-replic/cppstats0.7/projects/subversion-1.5.1/_cppstats/subversion/libsvn_ra_neon/get_locations.c.xml,117,0,0,0,0,,,,,,,,0,0,0,0,0,0,0,0
/home/johannes/CMPUT663/cmput663-cpp-replic/cppstats0.7/projects/subversion-1.5.1/_cppstats/subversion/libsvn_ra_neon/commit.c.xml,850,0,0,0,0,,,,,,,,0,0,0,0,0,0,0,0
/home/johannes/CMPUT663/cmput663-cpp-replic/cppstats0.7/projects/subversion-1.5.1/_cppstats/subversion/libsvn_ra_neon/ra_neon.h.xml,574,3,564,1.75,0.5,,,,,,,,2,3,0,0,0,0,0,2
/home/johannes/CMPUT663/cmput663-cpp-replic/cppstats0.7/projects/subversion-1.5.1/_cppstats/subversion/libsvn_ra_neon/merge.c.xml,510,0,10,1.0,0,,,,,,,,0,1,0,0,0,0,0,1
/home/johannes/CMPUT663/cmput663-cpp-replic/cppstats0.7/projects/subversion-1.5.1/_cppstats/subversion/libsvn_ra_neon/fetch.c.xml,1770,0,7,1.0,0,,,,,,,,0,0,1,0,0,0,0,1
/home/johannes/CMPUT663/cmput663-cpp-replic/cppstats0.7/projects/subversion-1.5.1/_cppstats/subversion/libsvn_ra_neon/get_dated_rev.c.xml,89,0,0,0,0,,,,,,,,0,0,0,0,0,0,0,0
/home/johannes/CMPUT663/cmput663-cpp-replic/cppstats0.7/projects/subversion-1.5.1/_cppstats/subversion/libsvn_ra_neon/props.c.xml,824,0,0,0,0,,,,,,,,0,0,0,0,0,0,0,0
/home/johannes/CMPUT663/cmput663-cpp-replic/cppstats0.7/projects/subversion-1.5.1/_cppstats/subversion/libsvn_ra_neon/options.c.xml,93,0,2,1.0,0,,,,,,,,0,1,0,0,0,0,0,1
/home/johannes/CMPUT663/cmput663-cpp-replic/cppstats0.7/projects/subversion-1.5.1/_cppstats/subversion/libsvn_ra_neon/session.c.xml,920,3,95,1.0,0.0,,,,,,,,3,6,2,0,0,0,0,1
/home/johannes/CMPUT663/cmput663-cpp-replic/cppstats0.7/projects/subversion-1.5.1/_cppstats/subversion/libsvn_ra_neon/util.c.xml,960,0,0,0,0,,,,,,,,0,0,0,0,0,0,0,0
/home/johannes/CMPUT663/cmput663-cpp-replic/cppstats0.7/projects/subversion-1.5.1/_cppstats/subversion/libsvn_ra_neon/file_revs.c.xml,262,0,0,0,0,,,,,,,,0,0,0,0,0,0,0,0
/home/johannes/CMPUT663/cmput663-cpp-replic/cppstats0.7/projects/subversion-1.5.1/_cppstats/subversion/svnsync/main.c.xml,1323,5,5,1.0,0.0,,,,,,,,0,5,0,0,0,0,0,1
/home/johannes/CMPUT663/cmput663-cpp-replic/cppstats0.7/projects/subversion-1.5.1/_cppstats/subversion/svnadmin/main.c.xml,1274,5,5,1.0,0.0,,,,,,,,0,5,0,0,0,0,0,1
/home/johannes/CMPUT663/cmput663-cpp-replic/cppstats0.7/projects/subversion-1.5.1/_cppstats/subversion/mod_authz_svn/mod_authz_svn.c.xml,399,0,0,0,0,,,,,,,,0,0,0,0,0,0,0,0
/home/johannes/CMPUT663/cmput663-cpp-replic/cppstats0.7/projects/subversion-1.5.1/_cppstats/subversion/svnversion/main.c.xml,188,2,5,1.0,0,,,,,,,,0,1,0,0,0,0,0,1
/home/johannes/CMPUT663/cmput663-cpp-replic/cppstats0.7/projects/subversion-1.5.1/_cppstats/subversion/libsvn_ra_svn/streams.c.xml,167,1,2,1.0,0,,,,,,,,0,2,0,0,0,0,0,1
/home/johannes/CMPUT663/cmput663-cpp-replic/cppstats0.7/projects/subversion-1.5.1/_cppstats/subversion/libsvn_ra_svn/marshal.c.xml,690,1,2,1.0,0,,,,,,,,0,1,0,0,0,0,0,1
/home/johannes/CMPUT663/cmput663-cpp-replic/cppstats0.7/projects/subversion-1.5.1/_cppstats/subversion/libsvn_ra_svn/editorp.c.xml,710,0,0,0,0,,,,,,,,0,0,0,0,0,0,0,0
/home/johannes/CMPUT663/cmput663-cpp-replic/cppstats0.7/projects/subversion-1.5.1/_cppstats/subversion/libsvn_ra_svn/cram.c.xml,143,1,3,1.0,0,,,,,,,,0,2,0,0,0,0,0,1
/home/johannes/CMPUT663/cmput663-cpp-replic/cppstats0.7/projects/subversion-1.5.1/_cppstats/subversion/libsvn_ra_svn/cyrus_auth.c.xml,528,2,520,1.6666666666666667,0.5773502691896257,,,,,,,,2,1,0,0,0,0,0,2
/home/johannes/CMPUT663/cmput663-cpp-replic/cppstats0.7/projects/subversion-1.5.1/_cppstats/subversion/libsvn_ra_svn/version.c.xml,6,0,0,0,0,,,,,,,,0,0,0,0,0,0,0,0
/home/johannes/CMPUT663/cmput663-cpp-replic/cppstats0.7/projects/subversion-1.5.1/_cppstats/subversion/libsvn_ra_svn/client.c.xml,1690,3,15,1.1666666666666667,0.408248290463863,,,,,,,,4,4,2,0,0,0,0,2
/home/johannes/CMPUT663/cmput663-cpp-replic/cppstats0.7/projects/subversion-1.5.1/_cppstats/subversion/libsvn_ra_svn/ra_svn.h.xml,96,3,87,1.75,0.5,,,,,,,,2,2,0,0,0,0,0,2
/home/johannes/CMPUT663/cmput663-cpp-replic/cppstats0.7/projects/subversion-1.5.1/_cppstats/subversion/libsvn_ra_svn/internal_auth.c.xml,72,0,0,0,0,,,,,,,,0,0,0,0,0,0,0,0
/home/johannes/CMPUT663/cmput663-cpp-replic/cppstats0.7/projects/subversion-1.5.1/_cppstats/subversion/libsvn_fs_base/lock.c.xml,308,0,0,0,0,,,,,,,,0,0,0,0,0,0,0,0
/home/johannes/CMPUT663/cmput663-cpp-replic/cppstats0.7/projects/subversion-1.5.1/_cppstats/subversion/libsvn_fs_base/node-rev.h.xml,34,2,27,1.6666666666666667,0.5773502691896257,,,,,,,,2,1,0,0,0,0,0,2
/home/johannes/CMPUT663/cmput663-cpp-replic/cppstats0.7/projects/subversion-1.5.1/_cppstats/subversion/libsvn_fs_base/err.c.xml,100,0,0,0,0,,,,,,,,0,0,0,0,0,0,0,0
/home/johannes/CMPUT663/cmput663-cpp-replic/cppstats0.7/projects/subversion-1.5.1/_cppstats/subversion/libsvn_fs_base/revs-txns.c.xml,670,0,0,0,0,,,,,,,,0,0,0,0,0,0,0,0
/home/johannes/CMPUT663/cmput663-cpp-replic/cppstats0.7/projects/subversion-1.5.1/_cppstats/subversion/libsvn_fs_base/tree.h.xml,28,2,21,1.6666666666666667,0.5773502691896257,,,,,,,,2,1,0,0,0,0,0,2
/home/johannes/CMPUT663/cmput663-cpp-replic/cppstats0.7/projects/subversion-1.5.1/_cppstats/subversion/libsvn_fs_base/dag.h.xml,183,2,176,1.6666666666666667,0.5773502691896257,,,,,,,,2,1,0,0,0,0,0,2
/home/johannes/CMPUT663/cmput663-cpp-replic/cppstats0.7/projects/subversion-1.5.1/_cppstats/subversion/libsvn_fs_base/key-gen.h.xml,20,2,13,1.6666666666666667,0.5773502691896257,,,,,,,,2,1,0,0,0,0,0,2
/home/johannes/CMPUT663/cmput663-cpp-replic/cppstats0.7/projects/subversion-1.5.1/_cppstats/subversion/libsvn_fs_base/id.c.xml,116,0,0,0,0,,,,,,,,0,0,0,0,0,0,0,0
/home/johannes/CMPUT663/cmput663-cpp-replic/cppstats0.7/projects/subversion-1.5.1/_cppstats/subversion/libsvn_fs_base/reps-strings.h.xml,61,2,54,1.6666666666666667,0.5773502691896257,,,,,,,,2,1,0,0,0,0,0,2
/home/johannes/CMPUT663/cmput663-cpp-replic/cppstats0.7/projects/subversion-1.5.1/_cppstats/subversion/libsvn_fs_base/node-rev.c.xml,61,0,0,0,0,,,,,,,,0,0,0,0,0,0,0,0
/home/johannes/CMPUT663/cmput663-cpp-replic/cppstats0.7/projects/subversion-1.5.1/_cppstats/subversion/libsvn_fs_base/lock.h.xml,48,2,41,1.6666666666666667,0.5773502691896257,,,,,,,,2,1,0,0,0,0,0,2
/home/johannes/CMPUT663/cmput663-cpp-replic/cppstats0.7/projects/subversion-1.5.1/_cppstats/subversion/libsvn_fs_base/key-gen.c.xml,110,0,0,0,0,,,,,,,,0,0,0,0,0,0,0,0
/home/johannes/CMPUT663/cmput663-cpp-replic/cppstats0.7/projects/subversion-1.5.1/_cppstats/subversion/libsvn_fs_base/err.h.xml,30,2,23,1.6666666666666667,0.5773502691896257,,,,,,,,2,1,0,0,0,0,0,2
/home/johannes/CMPUT663/cmput663-cpp-replic/cppstats0.7/projects/subversion-1.5.1/_cppstats/subversion/libsvn_fs_base/revs-txns.h.xml,106,2,99,1.6666666666666667,0.5773502691896257,,,,,,,,2,1,0,0,0,0,0,2
/home/johannes/CMPUT663/cmput663-cpp-replic/cppstats0.7/projects/subversion-1.5.1/_cppstats/subversion/libsvn_fs_base/dag.c.xml,994,0,0,0,0,,,,,,,,0,0,0,0,0,0,0,0
/home/johannes/CMPUT663/cmput663-cpp-replic/cppstats0.7/projects/subversion-1.5.1/_cppstats/subversion/libsvn_fs_base/fs.c.xml,863,1,108,1.4444444444444444,0.5270462766947299,,,,,,,,3,9,1,0,0,2,0,2
/home/johannes/CMPUT663/cmput663-cpp-replic/cppstats0.7/projects/subversion-1.5.1/_cppstats/subversion/libsvn_fs_base/trail.h.xml,53,3,40,1.8333333333333333,0.408248290463863,,,,,,,,5,2,0,0,0,0,0,2
/home/johannes/CMPUT663/cmput663-cpp-replic/cppstats0.7/projects/subversion-1.5.1/_cppstats/subversion/libsvn_fs_base/id.h.xml,31,2,24,1.6666666666666667,0.5773502691896257,,,,,,,,2,1,0,0,0,0,0,2
/home/johannes/CMPUT663/cmput663-cpp-replic/cppstats0.7/projects/subversion-1.5.1/_cppstats/subversion/libsvn_fs_base/reps-strings.c.xml,864,0,0,0,0,,,,,,,,0,0,0,0,0,0,0,0
/home/johannes/CMPUT663/cmput663-cpp-replic/cppstats0.7/projects/subversion-1.5.1/_cppstats/subversion/libsvn_fs_base/uuid.h.xml,14,2,7,1.6666666666666667,0.5773502691896257,,,,,,,,2,1,0,0,0,0,0,2
/home/johannes/CMPUT663/cmput663-cpp-replic/cppstats0.7/projects/subversion-1.5.1/_cppstats/subversion/libsvn_fs_base/trail.c.xml,161,2,31,1.0,0.0,,,,,,,,3,0,1,0,0,0,0,1
/home/johannes/CMPUT663/cmput663-cpp-replic/cppstats0.7/projects/subversion-1.5.1/_cppstats/subversion/libsvn_fs_base/uuid.c.xml,62,0,0,0,0,,,,,,,,0,0,0,0,0,0,0,0
/home/johannes/CMPUT663/cmput663-cpp-replic/cppstats0.7/projects/subversion-1.5.1/_cppstats/subversion/libsvn_fs_base/tree.c.xml,3011,0,15,1.0,0,,,,,,,,0,0,1,0,0,0,0,1
/home/johannes/CMPUT663/cmput663-cpp-replic/cppstats0.7/projects/subversion-1.5.1/_cppstats/subversion/libsvn_fs_base/fs.h.xml,114,2,107,1.6666666666666667,0.5773502691896257,,,,,,,,2,1,0,0,0,0,0,2
/home/johannes/CMPUT663/cmput663-cpp-replic/cppstats0.7/projects/subversion-1.5.1/_cppstats/subversion/mod_dav_svn/lock.c.xml,532,0,0,0,0,,,,,,,,0,0,0,0,0,0,0,0
/home/johannes/CMPUT663/cmput663-cpp-replic/cppstats0.7/projects/subversion-1.5.1/_cppstats/subversion/mod_dav_svn/activity.c.xml,196,1,10,1.0,0.0,,,,,,,,0,0,3,0,0,0,0,1
/home/johannes/CMPUT663/cmput663-cpp-replic/cppstats0.7/projects/subversion-1.5.1/_cppstats/subversion/mod_dav_svn/deadprops.c.xml,401,0,0,0,0,,,,,,,,0,0,0,0,0,0,0,0
/home/johannes/CMPUT663/cmput663-cpp-replic/cppstats0.7/projects/subversion-1.5.1/_cppstats/subversion/mod_dav_svn/liveprops.c.xml,510,0,3,1.0,0.0,,,,,,,,0,2,0,0,0,0,0,1
/home/johannes/CMPUT663/cmput663-cpp-replic/cppstats0.7/projects/subversion-1.5.1/_cppstats/subversion/mod_dav_svn/authz.c.xml,88,0,0,0,0,,,,,,,,0,0,0,0,0,0,0,0
/home/johannes/CMPUT663/cmput663-cpp-replic/cppstats0.7/projects/subversion-1.5.1/_cppstats/subversion/mod_dav_svn/dav_svn.h.xml,296,2,289,1.6666666666666667,0.5773502691896257,,,,,,,,3,0,0,0,0,0,0,2
/home/johannes/CMPUT663/cmput663-cpp-replic/cppstats0.7/projects/subversion-1.5.1/_cppstats/subversion/mod_dav_svn/version.c.xml,845,0,0,0,0,,,,,,,,0,0,0,0,0,0,0,0
/home/johannes/CMPUT663/cmput663-cpp-replic/cppstats0.7/projects/subversion-1.5.1/_cppstats/subversion/mod_dav_svn/merge.c.xml,214,0,0,0,0,,,,,,,,0,0,0,0,0,0,0,0
/home/johannes/CMPUT663/cmput663-cpp-replic/cppstats0.7/projects/subversion-1.5.1/_cppstats/subversion/mod_dav_svn/mod_dav_svn.c.xml,471,1,1,1.0,0,,,,,,,,0,0,1,0,0,0,0,1
/home/johannes/CMPUT663/cmput663-cpp-replic/cppstats0.7/projects/subversion-1.5.1/_cppstats/subversion/mod_dav_svn/mirror.c.xml,166,0,0,0,0,,,,,,,,0,0,0,0,0,0,0,0
/home/johannes/CMPUT663/cmput663-cpp-replic/cppstats0.7/projects/subversion-1.5.1/_cppstats/subversion/mod_dav_svn/repos.c.xml,2183,1,72,1.0,0.0,,,,,,,,1,3,0,0,0,0,0,1
/home/johannes/CMPUT663/cmput663-cpp-replic/cppstats0.7/projects/subversion-1.5.1/_cppstats/subversion/mod_dav_svn/util.c.xml,297,0,0,0,0,,,,,,,,0,0,0,0,0,0,0,0
/home/johannes/CMPUT663/cmput663-cpp-replic/cppstats0.7/projects/subversion-1.5.1/_cppstats/subversion/libsvn_client/copy.c.xml,1451,0,0,0,0,,,,,,,,0,0,0,0,0,0,0,0
/home/johannes/CMPUT663/cmput663-cpp-replic/cppstats0.7/projects/subversion-1.5.1/_cppstats/subversion/libsvn_client/delete.c.xml,219,0,0,0,0,,,,,,,,0,0,0,0,0,0,0,0
/home/johannes/CMPUT663/cmput663-cpp-replic/cppstats0.7/projects/subversion-1.5.1/_cppstats/subversion/libsvn_client/repos_diff.c.xml,703,0,0,0,0,,,,,,,,0,0,0,0,0,0,0,0
/home/johannes/CMPUT663/cmput663-cpp-replic/cppstats0.7/projects/subversion-1.5.1/_cppstats/subversion/libsvn_client/mergeinfo.c.xml,944,2,8,1.0,0,,,,,,,,0,0,2,0,0,0,0,1
/home/johannes/CMPUT663/cmput663-cpp-replic/cppstats0.7/projects/subversion-1.5.1/_cppstats/subversion/libsvn_client/externals.c.xml,534,0,0,0,0,,,,,,,,0,0,0,0,0,0,0,0
/home/johannes/CMPUT663/cmput663-cpp-replic/cppstats0.7/projects/subversion-1.5.1/_cppstats/subversion/libsvn_client/commit_util.c.xml,1238,2,249,1.0,0.0,,,,,,,,2,2,0,0,1,0,0,1
/home/johannes/CMPUT663/cmput663-cpp-replic/cppstats0.7/projects/subversion-1.5.1/_cppstats/subversion/libsvn_client/add.c.xml,568,1,8,1.0,0,,,,,,,,0,1,0,0,0,0,0,1
/home/johannes/CMPUT663/cmput663-cpp-replic/cppstats0.7/projects/subversion-1.5.1/_cppstats/subversion/libsvn_client/checkout.c.xml,169,0,0,0,0,,,,,,,,0,0,0,0,0,0,0,0
/home/johannes/CMPUT663/cmput663-cpp-replic/cppstats0.7/projects/subversion-1.5.1/_cppstats/subversion/libsvn_client/locking_commands.c.xml,276,0,0,0,0,,,,,,,,0,0,0,0,0,0,0,0
/home/johannes/CMPUT663/cmput663-cpp-replic/cppstats0.7/projects/subversion-1.5.1/_cppstats/subversion/libsvn_client/mergeinfo.h.xml,98,1,95,1.0,0,,,,,,,,1,0,0,0,0,0,0,1
/home/johannes/CMPUT663/cmput663-cpp-replic/cppstats0.7/projects/subversion-1.5.1/_cppstats/subversion/libsvn_client/update.c.xml,242,0,0,0,0,,,,,,,,0,0,0,0,0,0,0,0
/home/johannes/CMPUT663/cmput663-cpp-replic/cppstats0.7/projects/subversion-1.5.1/_cppstats/subversion/libsvn_client/repos_diff_summarize.c.xml,210,0,0,0,0,,,,,,,,0,0,0,0,0,0,0,0
/home/johannes/CMPUT663/cmput663-cpp-replic/cppstats0.7/projects/subversion-1.5.1/_cppstats/subversion/libsvn_client/log.c.xml,401,0,0,0,0,,,,,,,,0,0,0,0,0,0,0,0
/home/johannes/CMPUT663/cmput663-cpp-replic/cppstats0.7/projects/subversion-1.5.1/_cppstats/subversion/libsvn_client/prop_commands.c.xml,875,0,0,0,0,,,,,,,,0,0,0,0,0,0,0,0
/home/johannes/CMPUT663/cmput663-cpp-replic/cppstats0.7/projects/subversion-1.5.1/_cppstats/subversion/libsvn_client/commit.c.xml,1067,0,0,0,0,,,,,,,,0,0,0,0,0,0,0,0
/home/johannes/CMPUT663/cmput663-cpp-replic/cppstats0.7/projects/subversion-1.5.1/_cppstats/subversion/libsvn_client/compat_providers.c.xml,83,2,5,1.0,0,,,,,,,,1,0,0,0,0,0,0,1
/home/johannes/CMPUT663/cmput663-cpp-replic/cppstats0.7/projects/subversion-1.5.1/_cppstats/subversion/libsvn_client/list.c.xml,245,0,0,0,0,,,,,,,,0,0,0,0,0,0,0,0
/home/johannes/CMPUT663/cmput663-cpp-replic/cppstats0.7/projects/subversion-1.5.1/_cppstats/subversion/libsvn_client/ra.c.xml,551,0,0,0,0,,,,,,,,0,0,0,0,0,0,0,0
/home/johannes/CMPUT663/cmput663-cpp-replic/cppstats0.7/projects/subversion-1.5.1/_cppstats/subversion/libsvn_client/switch.c.xml,162,0,0,0,0,,,,,,,,0,0,0,0,0,0,0,0
/home/johannes/CMPUT663/cmput663-cpp-replic/cppstats0.7/projects/subversion-1.5.1/_cppstats/subversion/libsvn_client/info.c.xml,370,0,0,0,0,,,,,,,,0,0,0,0,0,0,0,0
/home/johannes/CMPUT663/cmput663-cpp-replic/cppstats0.7/projects/subversion-1.5.1/_cppstats/subversion/libsvn_client/export.c.xml,673,0,0,0,0,,,,,,,,0,0,0,0,0,0,0,0
/home/johannes/CMPUT663/cmput663-cpp-replic/cppstats0.7/projects/subversion-1.5.1/_cppstats/subversion/libsvn_client/version.c.xml,6,0,0,0,0,,,,,,,,0,0,0,0,0,0,0,0
/home/johannes/CMPUT663/cmput663-cpp-replic/cppstats0.7/projects/subversion-1.5.1/_cppstats/subversion/libsvn_client/resolved.c.xml,35,0,0,0,0,,,,,,,,0,0,0,0,0,0,0,0
/home/johannes/CMPUT663/cmput663-cpp-replic/cppstats0.7/projects/subversion-1.5.1/_cppstats/subversion/libsvn_client/merge.c.xml,3839,1,9,1.0,0,,,,,,,,0,0,2,0,0,0,0,1
/home/johannes/CMPUT663/cmput663-cpp-replic/cppstats0.7/projects/subversion-1.5.1/_cppstats/subversion/libsvn_client/cleanup.c.xml,23,0,0,0,0,,,,,,,,0,0,0,0,0,0,0,0
/home/johannes/CMPUT663/cmput663-cpp-replic/cppstats0.7/projects/subversion-1.5.1/_cppstats/subversion/libsvn_client/diff.c.xml,1247,0,0,0,0,,,,,,,,0,0,0,0,0,0,0,0
/home/johannes/CMPUT663/cmput663-cpp-replic/cppstats0.7/projects/subversion-1.5.1/_cppstats/subversion/libsvn_client/revert.c.xml,84,0,0,0,0,,,,,,,,0,0,0,0,0,0,0,0
/home/johannes/CMPUT663/cmput663-cpp-replic/cppstats0.7/projects/subversion-1.5.1/_cppstats/subversion/libsvn_client/status.c.xml,277,0,0,0,0,,,,,,,,0,0,0,0,0,0,0,0
/home/johannes/CMPUT663/cmput663-cpp-replic/cppstats0.7/projects/subversion-1.5.1/_cppstats/subversion/libsvn_client/blame.c.xml,608,0,0,0,0,,,,,,,,0,0,0,0,0,0,0,0
/home/johannes/CMPUT663/cmput663-cpp-replic/cppstats0.7/projects/subversion-1.5.1/_cppstats/subversion/libsvn_client/ctx.c.xml,19,0,0,0,0,,,,,,,,0,0,0,0,0,0,0,0
/home/johannes/CMPUT663/cmput663-cpp-replic/cppstats0.7/projects/subversion-1.5.1/_cppstats/subversion/libsvn_client/changelist.c.xml,163,0,0,0,0,,,,,,,,0,0,0,0,0,0,0,0
/home/johannes/CMPUT663/cmput663-cpp-replic/cppstats0.7/projects/subversion-1.5.1/_cppstats/subversion/libsvn_client/url.c.xml,100,0,0,0,0,,,,,,,,0,0,0,0,0,0,0,0
/home/johannes/CMPUT663/cmput663-cpp-replic/cppstats0.7/projects/subversion-1.5.1/_cppstats/subversion/libsvn_client/revisions.c.xml,100,0,0,0,0,,,,,,,,0,0,0,0,0,0,0,0
/home/johannes/CMPUT663/cmput663-cpp-replic/cppstats0.7/projects/subversion-1.5.1/_cppstats/subversion/libsvn_client/cat.c.xml,179,0,0,0,0,,,,,,,,0,0,0,0,0,0,0,0
/home/johannes/CMPUT663/cmput663-cpp-replic/cppstats0.7/projects/subversion-1.5.1/_cppstats/subversion/libsvn_client/util.c.xml,204,0,0,0,0,,,,,,,,0,0,0,0,0,0,0,0
/home/johannes/CMPUT663/cmput663-cpp-replic/cppstats0.7/projects/subversion-1.5.1/_cppstats/subversion/libsvn_client/relocate.c.xml,80,0,0,0,0,,,,,,,,0,0,0,0,0,0,0,0
/home/johannes/CMPUT663/cmput663-cpp-replic/cppstats0.7/projects/subversion-1.5.1/_cppstats/subversion/libsvn_client/client.h.xml,338,2,331,1.6666666666666667,0.5773502691896257,,,,,,,,2,1,0,0,0,0,0,2
/home/johannes/CMPUT663/cmput663-cpp-replic/cppstats0.7/projects/subversion-1.5.1/_cppstats/subversion/libsvn_fs_util/fs-util.c.xml,67,0,0,0,0,,,,,,,,0,0,0,0,0,0,0,0
/home/johannes/CMPUT663/cmput663-cpp-replic/cppstats0.7/projects/subversion-1.5.1/_cppstats/subversion/libsvn_fs/access.c.xml,43,0,0,0,0,,,,,,,,0,0,0,0,0,0,0,0
/home/johannes/CMPUT663/cmput663-cpp-replic/cppstats0.7/projects/subversion-1.5.1/_cppstats/subversion/libsvn_fs/fs-loader.c.xml,816,6,36,1.0,0.0,,,,,,,,2,8,0,0,0,0,0,1
/home/johannes/CMPUT663/cmput663-cpp-replic/cppstats0.7/projects/subversion-1.5.1/_cppstats/subversion/libsvn_fs/fs-loader.h.xml,252,2,245,1.6666666666666667,0.5773502691896257,,,,,,,,2,1,0,0,0,0,0,2
/home/johannes/CMPUT663/cmput663-cpp-replic/cppstats0.7/projects/subversion-1.5.1/_cppstats/subversion/tests/svn_test_main.c.xml,251,0,0,0,0,,,,,,,,0,0,0,0,0,0,0,0
/home/johannes/CMPUT663/cmput663-cpp-replic/cppstats0.7/projects/subversion-1.5.1/_cppstats/subversion/tests/svn_test_fs.h.xml,74,2,67,1.6666666666666667,0.5773502691896257,,,,,,,,2,1,0,0,0,0,0,2
/home/johannes/CMPUT663/cmput663-cpp-replic/cppstats0.7/projects/subversion-1.5.1/_cppstats/subversion/tests/svn_test_editor.c.xml,405,0,0,0,0,,,,,,,,0,0,0,0,0,0,0,0
/home/johannes/CMPUT663/cmput663-cpp-replic/cppstats0.7/projects/subversion-1.5.1/_cppstats/subversion/tests/svn_test.h.xml,48,2,41,1.6666666666666667,0.5773502691896257,,,,,,,,2,1,0,0,0,0,0,2
/home/johannes/CMPUT663/cmput663-cpp-replic/cppstats0.7/projects/subversion-1.5.1/_cppstats/subversion/tests/svn_test_fs.c.xml,369,0,0,0,0,,,,,,,,0,0,0,0,0,0,0,0
/home/johannes/CMPUT663/cmput663-cpp-replic/cppstats0.7/projects/subversion-1.5.1/_cppstats/subversion/libsvn_ra/ra_loader.c.xml,1044,9,98,1.0,0.0,,,,,,,,5,6,1,0,0,0,0,1
/home/johannes/CMPUT663/cmput663-cpp-replic/cppstats0.7/projects/subversion-1.5.1/_cppstats/subversion/libsvn_ra/wrapper_template.h.xml,339,5,1,1.0,0,,,,,,,,1,0,0,0,0,0,0,1
/home/johannes/CMPUT663/cmput663-cpp-replic/cppstats0.7/projects/subversion-1.5.1/_cppstats/subversion/libsvn_ra/ra_loader.h.xml,258,2,251,1.6666666666666667,0.5773502691896257,,,,,,,,2,1,0,0,0,0,0,2
/home/johannes/CMPUT663/cmput663-cpp-replic/cppstats0.7/projects/subversion-1.5.1/_cppstats/subversion/libsvn_ra/util.c.xml,30,0,0,0,0,,,,,,,,0,0,0,0,0,0,0,0
/home/johannes/CMPUT663/cmput663-cpp-replic/cppstats0.7/projects/subversion-1.5.1/_cppstats/subversion/libsvn_ra/compat.c.xml,465,0,0,0,0,,,,,,,,0,0,0,0,0,0,0,0
/home/johannes/CMPUT663/cmput663-cpp-replic/cppstats0.7/projects/subversion-1.5.1/_cppstats/subversion/libsvn_fs_fs/lock.c.xml,571,0,0,0,0,,,,,,,,0,0,0,0,0,0,0,0
/home/johannes/CMPUT663/cmput663-cpp-replic/cppstats0.7/projects/subversion-1.5.1/_cppstats/subversion/libsvn_fs_fs/err.c.xml,23,0,0,0,0,,,,,,,,0,0,0,0,0,0,0,0
/home/johannes/CMPUT663/cmput663-cpp-replic/cppstats0.7/projects/subversion-1.5.1/_cppstats/subversion/libsvn_fs_fs/tree.h.xml,29,2,22,1.6666666666666667,0.5773502691896257,,,,,,,,2,1,0,0,0,0,0,2
/home/johannes/CMPUT663/cmput663-cpp-replic/cppstats0.7/projects/subversion-1.5.1/_cppstats/subversion/libsvn_fs_fs/dag.h.xml,161,2,154,1.6666666666666667,0.5773502691896257,,,,,,,,2,1,0,0,0,0,0,2
/home/johannes/CMPUT663/cmput663-cpp-replic/cppstats0.7/projects/subversion-1.5.1/_cppstats/subversion/libsvn_fs_fs/key-gen.h.xml,16,2,9,1.6666666666666667,0.5773502691896257,,,,,,,,2,1,0,0,0,0,0,2
/home/johannes/CMPUT663/cmput663-cpp-replic/cppstats0.7/projects/subversion-1.5.1/_cppstats/subversion/libsvn_fs_fs/id.c.xml,184,0,0,0,0,,,,,,,,0,0,0,0,0,0,0,0
/home/johannes/CMPUT663/cmput663-cpp-replic/cppstats0.7/projects/subversion-1.5.1/_cppstats/subversion/libsvn_fs_fs/fs_fs.h.xml,215,1,212,1.0,0,,,,,,,,1,0,0,0,0,0,0,1
/home/johannes/CMPUT663/cmput663-cpp-replic/cppstats0.7/projects/subversion-1.5.1/_cppstats/subversion/libsvn_fs_fs/lock.h.xml,42,2,35,1.6666666666666667,0.5773502691896257,,,,,,,,2,1,0,0,0,0,0,2
/home/johannes/CMPUT663/cmput663-cpp-replic/cppstats0.7/projects/subversion-1.5.1/_cppstats/subversion/libsvn_fs_fs/key-gen.c.xml,85,2,1,1.0,0,,,,,,,,1,0,0,0,0,0,0,1
/home/johannes/CMPUT663/cmput663-cpp-replic/cppstats0.7/projects/subversion-1.5.1/_cppstats/subversion/libsvn_fs_fs/err.h.xml,17,2,10,1.6666666666666667,0.5773502691896257,,,,,,,,2,1,0,0,0,0,0,2
/home/johannes/CMPUT663/cmput663-cpp-replic/cppstats0.7/projects/subversion-1.5.1/_cppstats/subversion/libsvn_fs_fs/dag.c.xml,747,0,0,0,0,,,,,,,,0,0,0,0,0,0,0,0
/home/johannes/CMPUT663/cmput663-cpp-replic/cppstats0.7/projects/subversion-1.5.1/_cppstats/subversion/libsvn_fs_fs/fs.c.xml,186,1,15,1.0,0,,,,,,,,0,0,1,0,0,0,0,1
/home/johannes/CMPUT663/cmput663-cpp-replic/cppstats0.7/projects/subversion-1.5.1/_cppstats/subversion/libsvn_fs_fs/id.h.xml,38,2,31,1.6666666666666667,0.5773502691896257,,,,,,,,2,1,0,0,0,0,0,2
/home/johannes/CMPUT663/cmput663-cpp-replic/cppstats0.7/projects/subversion-1.5.1/_cppstats/subversion/libsvn_fs_fs/fs_fs.c.xml,3875,5,69,1.0,0.0,,,,,,,,3,8,2,0,0,3,0,1
/home/johannes/CMPUT663/cmput663-cpp-replic/cppstats0.7/projects/subversion-1.5.1/_cppstats/subversion/libsvn_fs_fs/tree.c.xml,2085,0,0,0,0,,,,,,,,0,0,0,0,0,0,0,0
/home/johannes/CMPUT663/cmput663-cpp-replic/cppstats0.7/projects/subversion-1.5.1/_cppstats/subversion/libsvn_fs_fs/fs.h.xml,128,3,119,1.75,0.5,,,,,,,,2,2,0,0,0,0,0,2
/home/johannes/CMPUT663/cmput663-cpp-replic/cppstats0.7/projects/subversion-1.5.1/_cppstats/subversion/svnserve/server.h.xml,58,3,49,1.75,0.5,,,,,,,,2,2,0,0,0,0,0,2
/home/johannes/CMPUT663/cmput663-cpp-replic/cppstats0.7/projects/subversion-1.5.1/_cppstats/subversion/svnserve/serve.c.xml,1830,2,11,1.0,0.0,,,,,,,,0,2,2,0,2,0,0,1
/home/johannes/CMPUT663/cmput663-cpp-replic/cppstats0.7/projects/subversion-1.5.1/_cppstats/subversion/svnserve/cyrus_auth.c.xml,235,1,231,1.0,0,,,,,,,,1,0,0,0,0,0,0,1
/home/johannes/CMPUT663/cmput663-cpp-replic/cppstats0.7/projects/subversion-1.5.1/_cppstats/subversion/svnserve/main.c.xml,539,10,110,1.0869565217391304,0.28810406552003043,,,,,,,,9,15,4,0,0,0,0,2
/home/johannes/CMPUT663/cmput663-cpp-replic/cppstats0.7/projects/subversion-1.5.1/_cppstats/subversion/svnserve/winservice.c.xml,193,2,181,1.5,0.7071067811865476,,,,,,,,3,0,0,0,0,0,0,2
/home/johannes/CMPUT663/cmput663-cpp-replic/cppstats0.7/projects/subversion-1.5.1/_cppstats/subversion/svnserve/winservice.h.xml,16,3,8,1.75,0.5,,,,,,,,2,2,0,0,0,0,0,2
/home/johannes/CMPUT663/cmput663-cpp-replic/cppstats0.7/projects/subversion-1.5.1/_cppstats/tools/diff/diff4.c.xml,53,0,0,0,0,,,,,,,,0,0,0,0,0,0,0,0
/home/johannes/CMPUT663/cmput663-cpp-replic/cppstats0.7/projects/subversion-1.5.1/_cppstats/tools/diff/diff.c.xml,48,0,0,0,0,,,,,,,,0,0,0,0,0,0,0,0
/home/johannes/CMPUT663/cmput663-cpp-replic/cppstats0.7/projects/subversion-1.5.1/_cppstats/tools/diff/diff3.c.xml,52,0,0,0,0,,,,,,,,0,0,0,0,0,0,0,0
/home/johannes/CMPUT663/cmput663-cpp-replic/cppstats0.7/projects/subversion-1.5.1/_cppstats/tools/examples/minimal_client.c.xml,136,1,7,1.0,0,,,,,,,,0,1,0,0,0,0,0,1
/home/johannes/CMPUT663/cmput663-cpp-replic/cppstats0.7/projects/subversion-1.5.1/_cppstats/tools/examples/testwrite.c.xml,158,0,0,0,0,,,,,,,,0,0,0,0,0,0,0,0
/home/johannes/CMPUT663/cmput663-cpp-replic/cppstats0.7/projects/subversion-1.5.1/_cppstats/tools/examples/getlocks_test.c.xml,160,0,0,0,0,,,,,,,,0,0,0,0,0,0,0,0
/home/johannes/CMPUT663/cmput663-cpp-replic/cppstats0.7/projects/subversion-1.5.1/_cppstats/tools/examples/svnserve-sgid.c.xml,18,0,0,0,0,,,,,,,,0,0,0,0,0,0,0,0
/home/johannes/CMPUT663/cmput663-cpp-replic/cppstats0.7/projects/subversion-1.5.1/_cppstats/tools/examples/headrev.c.xml,125,0,0,0,0,,,,,,,,0,0,0,0,0,0,0,0
/home/johannes/CMPUT663/cmput663-cpp-replic/cppstats0.7/projects/subversion-1.5.1/_cppstats/tools/examples/svnput.c.xml,204,0,0,0,0,,,,,,,,0,0,0,0,0,0,0,0
/home/johannes/CMPUT663/cmput663-cpp-replic/cppstats0.7/projects/subversion-1.5.1/_cppstats/tools/server-side/svnauthz-validate.c.xml,30,0,0,0,0,,,,,,,,0,0,0,0,0,0,0,0
/home/johannes/CMPUT663/cmput663-cpp-replic/cppstats0.7/projects/subversion-1.5.1/_cppstats/tools/server-side/svn-populate-node-origins-index.c.xml,120,0,0,0,0,,,,,,,,0,0,0,0,0,0,0,0
/home/johannes/CMPUT663/cmput663-cpp-replic/cppstats0.7/projects/subversion-1.5.1/_cppstats/build/win32/empty.c.xml,0,0,0,0,0,,,,,,,,0,0,0,0,0,0,0,0
/home/johannes/CMPUT663/cmput663-cpp-replic/cppstats0.7/projects/subversion-1.5.1/_cppstats/subversion/include/private/svn_wc_private.h.xml,35,3,25,1.75,0.5,,,,,,,,2,3,0,0,0,0,0,2
/home/johannes/CMPUT663/cmput663-cpp-replic/cppstats0.7/projects/subversion-1.5.1/_cppstats/subversion/include/private/ra_svn_sasl.h.xml,27,3,18,1.75,0.5,,,,,,,,4,1,0,0,0,0,0,2
/home/johannes/CMPUT663/cmput663-cpp-replic/cppstats0.7/projects/subversion-1.5.1/_cppstats/subversion/include/private/svn_mergeinfo_private.h.xml,24,2,17,1.6666666666666667,0.5773502691896257,,,,,,,,2,1,0,0,0,0,0,2
/home/johannes/CMPUT663/cmput663-cpp-replic/cppstats0.7/projects/subversion-1.5.1/_cppstats/subversion/include/private/svn_ra_private.h.xml,17,2,10,1.6666666666666667,0.5773502691896257,,,,,,,,2,1,0,0,0,0,0,2
/home/johannes/CMPUT663/cmput663-cpp-replic/cppstats0.7/projects/subversion-1.5.1/_cppstats/subversion/include/private/svn_doxygen.h.xml,0,0,0,0,0,,,,,,,,0,0,0,0,0,0,0,0
/home/johannes/CMPUT663/cmput663-cpp-replic/cppstats0.7/projects/subversion-1.5.1/_cppstats/subversion/include/private/svn_atomic.h.xml,47,2,25,1.8888888888888888,0.3333333333333334,,,,,,,,2,13,0,0,0,0,0,2
/home/johannes/CMPUT663/cmput663-cpp-replic/cppstats0.7/projects/subversion-1.5.1/_cppstats/subversion/include/private/svn_dav_protocol.h.xml,20,2,13,1.6666666666666667,0.5773502691896257,,,,,,,,2,1,0,0,0,0,0,2
/home/johannes/CMPUT663/cmput663-cpp-replic/cppstats0.7/projects/subversion-1.5.1/_cppstats/subversion/include/private/svn_dep_compat.h.xml,17,4,8,1.8,0.44721359549995804,,,,,,,,2,3,0,0,0,0,0,2
/home/johannes/CMPUT663/cmput663-cpp-replic/cppstats0.7/projects/subversion-1.5.1/_cppstats/subversion/include/private/svn_fs_private.h.xml,11,2,4,1.6666666666666667,0.5773502691896257,,,,,,,,2,1,0,0,0,0,0,2
/home/johannes/CMPUT663/cmput663-cpp-replic/cppstats0.7/projects/subversion-1.5.1/_cppstats/subversion/include/private/svn_fs_util.h.xml,29,2,22,1.6666666666666667,0.5773502691896257,,,,,,,,2,1,0,0,0,0,0,2
/home/johannes/CMPUT663/cmput663-cpp-replic/cppstats0.7/projects/subversion-1.5.1/_cppstats/subversion/libsvn_fs_base/bdb/bdb_compat.h.xml,67,7,40,1.9090909090909092,0.30151134457776363,,,,,,,,2,17,0,0,0,0,0,2
/home/johannes/CMPUT663/cmput663-cpp-replic/cppstats0.7/projects/subversion-1.5.1/_cppstats/subversion/libsvn_fs_base/bdb/env.h.xml,39,2,32,1.6666666666666667,0.5773502691896257,,,,,,,,2,1,0,0,0,0,0,2
/home/johannes/CMPUT663/cmput663-cpp-replic/cppstats0.7/projects/subversion-1.5.1/_cppstats/subversion/libsvn_fs_base/bdb/dbt.h.xml,26,2,19,1.6666666666666667,0.5773502691896257,,,,,,,,2,1,0,0,0,0,0,2
/home/johannes/CMPUT663/cmput663-cpp-replic/cppstats0.7/projects/subversion-1.5.1/_cppstats/subversion/libsvn_fs_base/bdb/lock-tokens-table.h.xml,34,2,27,1.6666666666666667,0.5773502691896257,,,,,,,,2,1,0,0,0,0,0,2
/home/johannes/CMPUT663/cmput663-cpp-replic/cppstats0.7/projects/subversion-1.5.1/_cppstats/subversion/libsvn_fs_base/bdb/txn-table.h.xml,40,2,33,1.6666666666666667,0.5773502691896257,,,,,,,,2,1,0,0,0,0,0,2
/home/johannes/CMPUT663/cmput663-cpp-replic/cppstats0.7/projects/subversion-1.5.1/_cppstats/subversion/libsvn_fs_base/bdb/env.c.xml,384,3,73,1.0,0.0,,,,,,,,5,12,2,0,0,0,0,1
/home/johannes/CMPUT663/cmput663-cpp-replic/cppstats0.7/projects/subversion-1.5.1/_cppstats/subversion/libsvn_fs_base/bdb/strings-table.h.xml,49,2,42,1.6666666666666667,0.5773502691896257,,,,,,,,2,1,0,0,0,0,0,2
/home/johannes/CMPUT663/cmput663-cpp-replic/cppstats0.7/projects/subversion-1.5.1/_cppstats/subversion/libsvn_fs_base/bdb/bdb-err.c.xml,56,0,0,0,0,,,,,,,,0,0,0,0,0,0,0,0
/home/johannes/CMPUT663/cmput663-cpp-replic/cppstats0.7/projects/subversion-1.5.1/_cppstats/subversion/libsvn_fs_base/bdb/nodes-table.c.xml,160,0,0,0,0,,,,,,,,0,0,0,0,0,0,0,0
/home/johannes/CMPUT663/cmput663-cpp-replic/cppstats0.7/projects/subversion-1.5.1/_cppstats/subversion/libsvn_fs_base/bdb/node-origins-table.c.xml,93,0,0,0,0,,,,,,,,0,0,0,0,0,0,0,0
/home/johannes/CMPUT663/cmput663-cpp-replic/cppstats0.7/projects/subversion-1.5.1/_cppstats/subversion/libsvn_fs_base/bdb/dbt.c.xml,80,0,0,0,0,,,,,,,,0,0,0,0,0,0,0,0
/home/johannes/CMPUT663/cmput663-cpp-replic/cppstats0.7/projects/subversion-1.5.1/_cppstats/subversion/libsvn_fs_base/bdb/node-origins-table.h.xml,31,2,24,1.6666666666666667,0.5773502691896257,,,,,,,,2,1,0,0,0,0,0,2
/home/johannes/CMPUT663/cmput663-cpp-replic/cppstats0.7/projects/subversion-1.5.1/_cppstats/subversion/libsvn_fs_base/bdb/locks-table.h.xml,37,2,30,1.6666666666666667,0.5773502691896257,,,,,,,,2,1,0,0,0,0,0,2
/home/johannes/CMPUT663/cmput663-cpp-replic/cppstats0.7/projects/subversion-1.5.1/_cppstats/subversion/libsvn_fs_base/bdb/bdb-err.h.xml,26,2,19,1.6666666666666667,0.5773502691896257,,,,,,,,3,0,0,0,0,0,0,2
/home/johannes/CMPUT663/cmput663-cpp-replic/cppstats0.7/projects/subversion-1.5.1/_cppstats/subversion/libsvn_fs_base/bdb/uuids-table.c.xml,93,0,0,0,0,,,,,,,,0,0,0,0,0,0,0,0
/home/johannes/CMPUT663/cmput663-cpp-replic/cppstats0.7/projects/subversion-1.5.1/_cppstats/subversion/libsvn_fs_base/bdb/nodes-table.h.xml,44,2,37,1.6666666666666667,0.5773502691896257,,,,,,,,2,1,0,0,0,0,0,2
/home/johannes/CMPUT663/cmput663-cpp-replic/cppstats0.7/projects/subversion-1.5.1/_cppstats/subversion/libsvn_fs_base/bdb/locks-table.c.xml,187,0,0,0,0,,,,,,,,0,0,0,0,0,0,0,0
/home/johannes/CMPUT663/cmput663-cpp-replic/cppstats0.7/projects/subversion-1.5.1/_cppstats/subversion/libsvn_fs_base/bdb/txn-table.c.xml,212,0,0,0,0,,,,,,,,0,0,0,0,0,0,0,0
/home/johannes/CMPUT663/cmput663-cpp-replic/cppstats0.7/projects/subversion-1.5.1/_cppstats/subversion/libsvn_fs_base/bdb/reps-table.h.xml,38,2,31,1.6666666666666667,0.5773502691896257,,,,,,,,2,1,0,0,0,0,0,2
/home/johannes/CMPUT663/cmput663-cpp-replic/cppstats0.7/projects/subversion-1.5.1/_cppstats/subversion/libsvn_fs_base/bdb/changes-table.c.xml,256,0,0,0,0,,,,,,,,0,0,0,0,0,0,0,0
/home/johannes/CMPUT663/cmput663-cpp-replic/cppstats0.7/projects/subversion-1.5.1/_cppstats/subversion/libsvn_fs_base/bdb/bdb_compat.c.xml,9,0,0,0,0,,,,,,,,0,0,0,0,0,0,0,0
/home/johannes/CMPUT663/cmput663-cpp-replic/cppstats0.7/projects/subversion-1.5.1/_cppstats/subversion/libsvn_fs_base/bdb/uuids-table.h.xml,27,2,20,1.6666666666666667,0.5773502691896257,,,,,,,,2,1,0,0,0,0,0,2
/home/johannes/CMPUT663/cmput663-cpp-replic/cppstats0.7/projects/subversion-1.5.1/_cppstats/subversion/libsvn_fs_base/bdb/copies-table.c.xml,138,0,0,0,0,,,,,,,,0,0,0,0,0,0,0,0
/home/johannes/CMPUT663/cmput663-cpp-replic/cppstats0.7/projects/subversion-1.5.1/_cppstats/subversion/libsvn_fs_base/bdb/copies-table.h.xml,37,2,30,1.6666666666666667,0.5773502691896257,,,,,,,,2,1,0,0,0,0,0,2
/home/johannes/CMPUT663/cmput663-cpp-replic/cppstats0.7/projects/subversion-1.5.1/_cppstats/subversion/libsvn_fs_base/bdb/lock-tokens-table.c.xml,102,0,0,0,0,,,,,,,,0,0,0,0,0,0,0,0
/home/johannes/CMPUT663/cmput663-cpp-replic/cppstats0.7/projects/subversion-1.5.1/_cppstats/subversion/libsvn_fs_base/bdb/rev-table.c.xml,120,0,0,0,0,,,,,,,,0,0,0,0,0,0,0,0
/home/johannes/CMPUT663/cmput663-cpp-replic/cppstats0.7/projects/subversion-1.5.1/_cppstats/subversion/libsvn_fs_base/bdb/reps-table.c.xml,128,0,0,0,0,,,,,,,,0,0,0,0,0,0,0,0
/home/johannes/CMPUT663/cmput663-cpp-replic/cppstats0.7/projects/subversion-1.5.1/_cppstats/subversion/libsvn_fs_base/bdb/changes-table.h.xml,38,2,31,1.6666666666666667,0.5773502691896257,,,,,,,,2,1,0,0,0,0,0,2
/home/johannes/CMPUT663/cmput663-cpp-replic/cppstats0.7/projects/subversion-1.5.1/_cppstats/subversion/libsvn_fs_base/bdb/rev-table.h.xml,32,2,25,1.6666666666666667,0.5773502691896257,,,,,,,,2,1,0,0,0,0,0,2
/home/johannes/CMPUT663/cmput663-cpp-replic/cppstats0.7/projects/subversion-1.5.1/_cppstats/subversion/libsvn_fs_base/bdb/strings-table.c.xml,323,0,0,0,0,,,,,,,,0,0,0,0,0,0,0,0
/home/johannes/CMPUT663/cmput663-cpp-replic/cppstats0.7/projects/subversion-1.5.1/_cppstats/subversion/libsvn_fs_base/util/fs_skels.h.xml,90,2,83,1.6666666666666667,0.5773502691896257,,,,,,,,2,1,0,0,0,0,0,2
/home/johannes/CMPUT663/cmput663-cpp-replic/cppstats0.7/projects/subversion-1.5.1/_cppstats/subversion/libsvn_fs_base/util/skel.h.xml,35,2,28,1.6666666666666667,0.5773502691896257,,,,,,,,2,1,0,0,0,0,0,2
/home/johannes/CMPUT663/cmput663-cpp-replic/cppstats0.7/projects/subversion-1.5.1/_cppstats/subversion/libsvn_fs_base/util/skel.c.xml,337,0,0,0,0,,,,,,,,0,0,0,0,0,0,0,0
/home/johannes/CMPUT663/cmput663-cpp-replic/cppstats0.7/projects/subversion-1.5.1/_cppstats/subversion/libsvn_fs_base/util/fs_skels.c.xml,941,0,0,0,0,,,,,,,,0,0,0,0,0,0,0,0
/home/johannes/CMPUT663/cmput663-cpp-replic/cppstats0.7/projects/subversion-1.5.1/_cppstats/subversion/mod_dav_svn/reports/mergeinfo.c.xml,166,0,0,0,0,,,,,,,,0,0,0,0,0,0,0,0
/home/johannes/CMPUT663/cmput663-cpp-replic/cppstats0.7/projects/subversion-1.5.1/_cppstats/subversion/mod_dav_svn/reports/get-locks.c.xml,151,0,0,0,0,,,,,,,,0,0,0,0,0,0,0,0
/home/johannes/CMPUT663/cmput663-cpp-replic/cppstats0.7/projects/subversion-1.5.1/_cppstats/subversion/mod_dav_svn/reports/replay.c.xml,361,0,0,0,0,,,,,,,,0,0,0,0,0,0,0,0
/home/johannes/CMPUT663/cmput663-cpp-replic/cppstats0.7/projects/subversion-1.5.1/_cppstats/subversion/mod_dav_svn/reports/update.c.xml,991,0,0,0,0,,,,,,,,0,0,0,0,0,0,0,0
/home/johannes/CMPUT663/cmput663-cpp-replic/cppstats0.7/projects/subversion-1.5.1/_cppstats/subversion/mod_dav_svn/reports/log.c.xml,331,0,0,0,0,,,,,,,,0,0,0,0,0,0,0,0
/home/johannes/CMPUT663/cmput663-cpp-replic/cppstats0.7/projects/subversion-1.5.1/_cppstats/subversion/mod_dav_svn/reports/dated-rev.c.xml,70,0,0,0,0,,,,,,,,0,0,0,0,0,0,0,0
/home/johannes/CMPUT663/cmput663-cpp-replic/cppstats0.7/projects/subversion-1.5.1/_cppstats/subversion/mod_dav_svn/reports/get-location-segments.c.xml,153,0,0,0,0,,,,,,,,0,0,0,0,0,0,0,0
/home/johannes/CMPUT663/cmput663-cpp-replic/cppstats0.7/projects/subversion-1.5.1/_cppstats/subversion/mod_dav_svn/reports/file-revs.c.xml,208,0,0,0,0,,,,,,,,0,0,0,0,0,0,0,0
/home/johannes/CMPUT663/cmput663-cpp-replic/cppstats0.7/projects/subversion-1.5.1/_cppstats/subversion/mod_dav_svn/reports/get-locations.c.xml,119,0,0,0,0,,,,,,,,0,0,0,0,0,0,0,0
/home/johannes/CMPUT663/cmput663-cpp-replic/cppstats0.7/projects/subversion-1.5.1/_cppstats/subversion/tests/libsvn_repos/dir-delta-editor.c.xml,196,0,0,0,0,,,,,,,,0,0,0,0,0,0,0,0
/home/johannes/CMPUT663/cmput663-cpp-replic/cppstats0.7/projects/subversion-1.5.1/_cppstats/subversion/tests/libsvn_repos/dir-delta-editor.h.xml,22,2,15,1.6666666666666667,0.5773502691896257,,,,,,,,2,1,0,0,0,0,0,2
/home/johannes/CMPUT663/cmput663-cpp-replic/cppstats0.7/projects/subversion-1.5.1/_cppstats/subversion/tests/libsvn_repos/repos-test.c.xml,1555,0,0,0,0,,,,,,,,0,0,0,0,0,0,0,0
/home/johannes/CMPUT663/cmput663-cpp-replic/cppstats0.7/projects/subversion-1.5.1/_cppstats/subversion/tests/libsvn_ra_local/ra-local-test.c.xml,232,4,8,1.0,0.0,,,,,,,,4,2,0,0,0,0,0,1
/home/johannes/CMPUT663/cmput663-cpp-replic/cppstats0.7/projects/subversion-1.5.1/_cppstats/subversion/tests/libsvn_subr/opt-test.c.xml,149,0,0,0,0,,,,,,,,0,0,0,0,0,0,0,0
/home/johannes/CMPUT663/cmput663-cpp-replic/cppstats0.7/projects/subversion-1.5.1/_cppstats/subversion/tests/libsvn_subr/compat-test.c.xml,69,0,0,0,0,,,,,,,,0,0,0,0,0,0,0,0
/home/johannes/CMPUT663/cmput663-cpp-replic/cppstats0.7/projects/subversion-1.5.1/_cppstats/subversion/tests/libsvn_subr/config-test.c.xml,158,0,2,1.0,0,,,,,,,,0,0,1,0,0,0,0,1
/home/johannes/CMPUT663/cmput663-cpp-replic/cppstats0.7/projects/subversion-1.5.1/_cppstats/subversion/tests/libsvn_subr/mergeinfo-test.c.xml,1156,0,0,0,0,,,,,,,,0,0,0,0,0,0,0,0
/home/johannes/CMPUT663/cmput663-cpp-replic/cppstats0.7/projects/subversion-1.5.1/_cppstats/subversion/tests/libsvn_subr/translate-test.c.xml,1175,0,0,0,0,,,,,,,,0,0,0,0,0,0,0,0
/home/johannes/CMPUT663/cmput663-cpp-replic/cppstats0.7/projects/subversion-1.5.1/_cppstats/subversion/tests/libsvn_subr/stream-test.c.xml,158,0,0,0,0,,,,,,,,0,0,0,0,0,0,0,0
/home/johannes/CMPUT663/cmput663-cpp-replic/cppstats0.7/projects/subversion-1.5.1/_cppstats/subversion/tests/libsvn_subr/error-test.c.xml,52,0,0,0,0,,,,,,,,0,0,0,0,0,0,0,0
/home/johannes/CMPUT663/cmput663-cpp-replic/cppstats0.7/projects/subversion-1.5.1/_cppstats/subversion/tests/libsvn_subr/utf-test.c.xml,244,0,0,0,0,,,,,,,,0,0,0,0,0,0,0,0
/home/johannes/CMPUT663/cmput663-cpp-replic/cppstats0.7/projects/subversion-1.5.1/_cppstats/subversion/tests/libsvn_subr/revision-test.c.xml,76,0,0,0,0,,,,,,,,0,0,0,0,0,0,0,0
/home/johannes/CMPUT663/cmput663-cpp-replic/cppstats0.7/projects/subversion-1.5.1/_cppstats/subversion/tests/libsvn_subr/target-test.c.xml,70,1,3,1.0,0,,,,,,,,0,0,2,0,0,0,0,1
/home/johannes/CMPUT663/cmput663-cpp-replic/cppstats0.7/projects/subversion-1.5.1/_cppstats/subversion/tests/libsvn_subr/time-test.c.xml,263,0,0,0,0,,,,,,,,0,0,0,0,0,0,0,0
/home/johannes/CMPUT663/cmput663-cpp-replic/cppstats0.7/projects/subversion-1.5.1/_cppstats/subversion/tests/libsvn_subr/path-test.c.xml,1024,2,11,1.0,0.0,,,,,,,,2,2,0,0,0,0,0,1
/home/johannes/CMPUT663/cmput663-cpp-replic/cppstats0.7/projects/subversion-1.5.1/_cppstats/subversion/tests/libsvn_subr/hashdump-test.c.xml,114,0,0,0,0,,,,,,,,0,0,0,0,0,0,0,0
/home/johannes/CMPUT663/cmput663-cpp-replic/cppstats0.7/projects/subversion-1.5.1/_cppstats/subversion/tests/libsvn_subr/string-test.c.xml,488,0,0,0,0,,,,,,,,0,0,0,0,0,0,0,0
/home/johannes/CMPUT663/cmput663-cpp-replic/cppstats0.7/projects/subversion-1.5.1/_cppstats/subversion/tests/libsvn_delta/vdelta-test.c.xml,155,0,0,0,0,,,,,,,,0,0,0,0,0,0,0,0
/home/johannes/CMPUT663/cmput663-cpp-replic/cppstats0.7/projects/subversion-1.5.1/_cppstats/subversion/tests/libsvn_delta/delta-window-test.h.xml,78,1,75,1.0,0,,,,,,,,1,0,0,0,0,0,0,1
/home/johannes/CMPUT663/cmput663-cpp-replic/cppstats0.7/projects/subversion-1.5.1/_cppstats/subversion/tests/libsvn_delta/random-test.c.xml,367,2,3,1.0,0.0,,,,,,,,1,2,0,0,0,0,0,1
/home/johannes/CMPUT663/cmput663-cpp-replic/cppstats0.7/projects/subversion-1.5.1/_cppstats/subversion/tests/libsvn_delta/svndiff-test.c.xml,68,1,2,1.0,0,,,,,,,,0,2,0,0,0,0,0,1
/home/johannes/CMPUT663/cmput663-cpp-replic/cppstats0.7/projects/subversion-1.5.1/_cppstats/subversion/tests/libsvn_delta/range-index-test.h.xml,136,1,133,1.0,0,,,,,,,,1,0,0,0,0,0,0,1
/home/johannes/CMPUT663/cmput663-cpp-replic/cppstats0.7/projects/subversion-1.5.1/_cppstats/subversion/tests/libsvn_diff/diff-diff3-test.c.xml,1508,0,0,0,0,,,,,,,,0,0,0,0,0,0,0,0
/home/johannes/CMPUT663/cmput663-cpp-replic/cppstats0.7/projects/subversion-1.5.1/_cppstats/subversion/tests/libsvn_fs_base/skel-test.c.xml,582,0,5,1.0,0,,,,,,,,1,0,0,0,0,0,0,1
/home/johannes/CMPUT663/cmput663-cpp-replic/cppstats0.7/projects/subversion-1.5.1/_cppstats/subversion/tests/libsvn_fs_base/strings-reps-test.c.xml,517,0,0,0,0,,,,,,,,0,0,0,0,0,0,0,0
/home/johannes/CMPUT663/cmput663-cpp-replic/cppstats0.7/projects/subversion-1.5.1/_cppstats/subversion/tests/libsvn_fs_base/changes-test.c.xml,524,0,0,0,0,,,,,,,,0,0,0,0,0,0,0,0
/home/johannes/CMPUT663/cmput663-cpp-replic/cppstats0.7/projects/subversion-1.5.1/_cppstats/subversion/tests/libsvn_fs_base/fs-base-test.c.xml,1038,0,0,0,0,,,,,,,,0,0,0,0,0,0,0,0
/home/johannes/CMPUT663/cmput663-cpp-replic/cppstats0.7/projects/subversion-1.5.1/_cppstats/subversion/tests/libsvn_fs_base/key-test.c.xml,54,0,0,0,0,,,,,,,,0,0,0,0,0,0,0,0
/home/johannes/CMPUT663/cmput663-cpp-replic/cppstats0.7/projects/subversion-1.5.1/_cppstats/subversion/tests/libsvn_client/client-test.c.xml,70,0,0,0,0,,,,,,,,0,0,0,0,0,0,0,0
/home/johannes/CMPUT663/cmput663-cpp-replic/cppstats0.7/projects/subversion-1.5.1/_cppstats/subversion/tests/libsvn_fs/fs-test.c.xml,3400,0,0,0,0,,,,,,,,0,0,0,0,0,0,0,0
/home/johannes/CMPUT663/cmput663-cpp-replic/cppstats0.7/projects/subversion-1.5.1/_cppstats/subversion/tests/libsvn_fs/locks-test.c.xml,710,0,0,0,0,,,,,,,,0,0,0,0,0,0,0,0
/home/johannes/CMPUT663/cmput663-cpp-replic/cppstats0.7/projects/subversion-1.5.1/_cppstats/contrib/client-side/svnmucc/svnmucc.c.xml,716,0,0,0,0,,,,,,,,0,0,0,0,0,0,0,0
/home/johannes/CMPUT663/cmput663-cpp-replic/cppstats0.7/projects/subversion-1.5.1/_cppstats/contrib/client-side/svn-push/svn-push.c.xml,123,0,0,0,0,,,,,,,,0,0,0,0,0,0,0,0
/home/johannes/CMPUT663/cmput663-cpp-replic/cppstats0.7/projects/subversion-1.5.1/_cppstats/contrib/server-side/mod_dontdothat/mod_dontdothat.c.xml,414,0,0,0,0,,,,,,,,0,0,0,0,0,0,0,0
/home/johannes/CMPUT663/cmput663-cpp-replic/cppstats0.7/projects/subversion-1.5.1/_cppstats/subversion/bindings/javahl/native/DiffSummaryReceiver.h.xml,19,1,16,1.0,0,,,,,,,,1,0,0,0,0,0,0,1
/home/johannes/CMPUT663/cmput663-cpp-replic/cppstats0.7/projects/subversion-1.5.1/_cppstats/subversion/bindings/javahl/native/RevpropTable.h.xml,20,1,17,1.0,0,,,,,,,,1,0,0,0,0,0,0,1
/home/johannes/CMPUT663/cmput663-cpp-replic/cppstats0.7/projects/subversion-1.5.1/_cppstats/subversion/bindings/javahl/native/SVNClient.h.xml,208,1,205,1.0,0,,,,,,,,1,0,0,0,0,0,0,1
/home/johannes/CMPUT663/cmput663-cpp-replic/cppstats0.7/projects/subversion-1.5.1/_cppstats/subversion/bindings/javahl/native/RevisionRange.h.xml,16,1,13,1.0,0,,,,,,,,1,0,0,0,0,0,0,1
/home/johannes/CMPUT663/cmput663-cpp-replic/cppstats0.7/projects/subversion-1.5.1/_cppstats/subversion/bindings/javahl/native/StringArray.h.xml,20,1,17,1.0,0,,,,,,,,1,0,0,0,0,0,0,1
/home/johannes/CMPUT663/cmput663-cpp-replic/cppstats0.7/projects/subversion-1.5.1/_cppstats/subversion/bindings/javahl/native/Notify2.h.xml,19,1,16,1.0,0,,,,,,,,1,0,0,0,0,0,0,1
/home/johannes/CMPUT663/cmput663-cpp-replic/cppstats0.7/projects/subversion-1.5.1/_cppstats/subversion/bindings/javahl/native/LogMessageCallback.h.xml,18,1,15,1.0,0,,,,,,,,1,0,0,0,0,0,0,1
/home/johannes/CMPUT663/cmput663-cpp-replic/cppstats0.7/projects/subversion-1.5.1/_cppstats/subversion/bindings/javahl/native/SVNAdmin.h.xml,48,1,45,1.0,0,,,,,,,,1,0,0,0,0,0,0,1
/home/johannes/CMPUT663/cmput663-cpp-replic/cppstats0.7/projects/subversion-1.5.1/_cppstats/subversion/bindings/javahl/native/JNIByteArray.h.xml,17,1,14,1.0,0,,,,,,,,1,0,0,0,0,0,0,1
/home/johannes/CMPUT663/cmput663-cpp-replic/cppstats0.7/projects/subversion-1.5.1/_cppstats/subversion/bindings/javahl/native/Path.h.xml,22,1,19,1.0,0,,,,,,,,1,0,0,0,0,0,0,1
/home/johannes/CMPUT663/cmput663-cpp-replic/cppstats0.7/projects/subversion-1.5.1/_cppstats/subversion/bindings/javahl/native/Notify.h.xml,29,1,26,1.0,0,,,,,,,,1,0,0,0,0,0,0,1
/home/johannes/CMPUT663/cmput663-cpp-replic/cppstats0.7/projects/subversion-1.5.1/_cppstats/subversion/bindings/javahl/native/ChangelistCallback.h.xml,19,1,16,1.0,0,,,,,,,,1,0,0,0,0,0,0,1
/home/johannes/CMPUT663/cmput663-cpp-replic/cppstats0.7/projects/subversion-1.5.1/_cppstats/subversion/bindings/javahl/native/ProgressListener.h.xml,22,1,19,1.0,0,,,,,,,,1,0,0,0,0,0,0,1
/home/johannes/CMPUT663/cmput663-cpp-replic/cppstats0.7/projects/subversion-1.5.1/_cppstats/subversion/bindings/javahl/native/JNIMutex.h.xml,15,1,12,1.0,0,,,,,,,,1,0,0,0,0,0,0,1
/home/johannes/CMPUT663/cmput663-cpp-replic/cppstats0.7/projects/subversion-1.5.1/_cppstats/subversion/bindings/javahl/native/Prompter.h.xml,62,1,59,1.0,0,,,,,,,,1,0,0,0,0,0,0,1
/home/johannes/CMPUT663/cmput663-cpp-replic/cppstats0.7/projects/subversion-1.5.1/_cppstats/subversion/bindings/javahl/native/Revision.h.xml,19,1,16,1.0,0,,,,,,,,1,0,0,0,0,0,0,1
/home/johannes/CMPUT663/cmput663-cpp-replic/cppstats0.7/projects/subversion-1.5.1/_cppstats/subversion/bindings/javahl/native/ProplistCallback.h.xml,22,1,19,1.0,0,,,,,,,,1,0,0,0,0,0,0,1
/home/johannes/CMPUT663/cmput663-cpp-replic/cppstats0.7/projects/subversion-1.5.1/_cppstats/subversion/bindings/javahl/native/BlameCallback.h.xml,30,1,27,1.0,0,,,,,,,,1,0,0,0,0,0,0,1
/home/johannes/CMPUT663/cmput663-cpp-replic/cppstats0.7/projects/subversion-1.5.1/_cppstats/subversion/bindings/javahl/native/JNIStringHolder.h.xml,19,1,16,1.0,0,,,,,,,,1,0,0,0,0,0,0,1
/home/johannes/CMPUT663/cmput663-cpp-replic/cppstats0.7/projects/subversion-1.5.1/_cppstats/subversion/bindings/javahl/native/Outputer.h.xml,17,1,14,1.0,0,,,,,,,,1,0,0,0,0,0,0,1
/home/johannes/CMPUT663/cmput663-cpp-replic/cppstats0.7/projects/subversion-1.5.1/_cppstats/subversion/bindings/javahl/native/CopySources.h.xml,17,1,14,1.0,0,,,,,,,,1,0,0,0,0,0,0,1
/home/johannes/CMPUT663/cmput663-cpp-replic/cppstats0.7/projects/subversion-1.5.1/_cppstats/subversion/bindings/javahl/native/JNICriticalSection.h.xml,12,1,9,1.0,0,,,,,,,,1,0,0,0,0,0,0,1
/home/johannes/CMPUT663/cmput663-cpp-replic/cppstats0.7/projects/subversion-1.5.1/_cppstats/subversion/bindings/javahl/native/CommitMessage.h.xml,15,1,12,1.0,0,,,,,,,,1,0,0,0,0,0,0,1
/home/johannes/CMPUT663/cmput663-cpp-replic/cppstats0.7/projects/subversion-1.5.1/_cppstats/subversion/bindings/javahl/native/JNIThreadData.h.xml,25,1,22,1.0,0,,,,,,,,1,0,0,0,0,0,0,1
/home/johannes/CMPUT663/cmput663-cpp-replic/cppstats0.7/projects/subversion-1.5.1/_cppstats/subversion/bindings/javahl/native/ListCallback.h.xml,28,1,25,1.0,0,,,,,,,,1,0,0,0,0,0,0,1
/home/johannes/CMPUT663/cmput663-cpp-replic/cppstats0.7/projects/subversion-1.5.1/_cppstats/subversion/bindings/javahl/native/Targets.h.xml,25,1,22,1.0,0,,,,,,,,1,0,0,0,0,0,0,1
/home/johannes/CMPUT663/cmput663-cpp-replic/cppstats0.7/projects/subversion-1.5.1/_cppstats/subversion/bindings/javahl/native/EnumMapper.h.xml,21,1,18,1.0,0,,,,,,,,1,0,0,0,0,0,0,1
/home/johannes/CMPUT663/cmput663-cpp-replic/cppstats0.7/projects/subversion-1.5.1/_cppstats/subversion/bindings/javahl/native/MessageReceiver.h.xml,12,1,9,1.0,0,,,,,,,,1,0,0,0,0,0,0,1
/home/johannes/CMPUT663/cmput663-cpp-replic/cppstats0.7/projects/subversion-1.5.1/_cppstats/subversion/bindings/javahl/native/StatusCallback.h.xml,20,1,17,1.0,0,,,,,,,,1,0,0,0,0,0,0,1
/home/johannes/CMPUT663/cmput663-cpp-replic/cppstats0.7/projects/subversion-1.5.1/_cppstats/subversion/bindings/javahl/native/ConflictResolverCallback.h.xml,29,1,26,1.0,0,,,,,,,,1,0,0,0,0,0,0,1
/home/johannes/CMPUT663/cmput663-cpp-replic/cppstats0.7/projects/subversion-1.5.1/_cppstats/subversion/bindings/javahl/native/JNIUtil.h.xml,72,1,69,1.0,0,,,,,,,,1,0,0,0,0,0,0,1
/home/johannes/CMPUT663/cmput663-cpp-replic/cppstats0.7/projects/subversion-1.5.1/_cppstats/subversion/bindings/javahl/native/libsvnjavahl.la.c.xml,5,0,0,0,0,,,,,,,,0,0,0,0,0,0,0,0
/home/johannes/CMPUT663/cmput663-cpp-replic/cppstats0.7/projects/subversion-1.5.1/_cppstats/subversion/bindings/javahl/native/Inputer.h.xml,17,1,14,1.0,0,,,,,,,,1,0,0,0,0,0,0,1
/home/johannes/CMPUT663/cmput663-cpp-replic/cppstats0.7/projects/subversion-1.5.1/_cppstats/subversion/bindings/javahl/native/version.h.xml,7,0,0,0,0,,,,,,,,0,0,0,0,0,0,0,0
/home/johannes/CMPUT663/cmput663-cpp-replic/cppstats0.7/projects/subversion-1.5.1/_cppstats/subversion/bindings/javahl/native/JNIStackElement.h.xml,18,1,15,1.0,0,,,,,,,,1,0,0,0,0,0,0,1
/home/johannes/CMPUT663/cmput663-cpp-replic/cppstats0.7/projects/subversion-1.5.1/_cppstats/subversion/bindings/javahl/native/InfoCallback.h.xml,25,1,22,1.0,0,,,,,,,,1,0,0,0,0,0,0,1
/home/johannes/CMPUT663/cmput663-cpp-replic/cppstats0.7/projects/subversion-1.5.1/_cppstats/subversion/bindings/javahl/native/SVNBase.h.xml,20,1,17,1.0,0,,,,,,,,1,0,0,0,0,0,0,1
/home/johannes/CMPUT663/cmput663-cpp-replic/cppstats0.7/projects/subversion-1.5.1/_cppstats/subversion/bindings/javahl/native/Pool.h.xml,24,1,21,1.0,0,,,,,,,,1,0,0,0,0,0,0,1
/home/johannes/CMPUT663/cmput663-cpp-replic/cppstats0.7/projects/subversion-1.5.1/_cppstats/packages/windows-innosetup/tools/svnpath/main.c.xml,395,0,0,0,0,,,,,,,,0,0,0,0,0,0,0,0
/home/johannes/CMPUT663/cmput663-cpp-replic/cppstats0.7/projects/subversion-1.5.1/_cppstats/tools/buildbot/slaves/i686-debian-sarge1/unmount-ramdrive.c.xml,7,0,0,0,0,,,,,,,,0,0,0,0,0,0,0,0
/home/johannes/CMPUT663/cmput663-cpp-replic/cppstats0.7/projects/subversion-1.5.1/_cppstats/tools/buildbot/slaves/i686-debian-sarge1/mount-ramdrive.c.xml,7,0,0,0,0,,,,,,,,0,0,0,0,0,0,0,0
/home/johannes/CMPUT663/cmput663-cpp-replic/cppstats0.7/projects/subversion-1.5.1/_cppstats/subversion/bindings/swig/perl/libsvn_swig_perl/swigutil_pl.h.xml,166,5,153,2.0,0.6324555320336759,,,,,,,,2,5,0,0,0,0,0,3
/home/johannes/CMPUT663/cmput663-cpp-replic/cppstats0.7/projects/subversion-1.5.1/_cppstats/subversion/bindings/swig/perl/libsvn_swig_perl/swigutil_pl.c.xml,1068,2,13,1.0,0.0,,,,,,,,3,0,2,0,0,0,0,1
/home/johannes/CMPUT663/cmput663-cpp-replic/cppstats0.7/projects/subversion-1.5.1/_cppstats/subversion/bindings/swig/ruby/libsvn_swig_ruby/swigutil_rb.h.xml,398,6,383,2.0,0.6324555320336759,,,,,,,,8,1,0,0,0,0,0,3
/home/johannes/CMPUT663/cmput663-cpp-replic/cppstats0.7/projects/subversion-1.5.1/_cppstats/subversion/bindings/swig/ruby/libsvn_swig_ruby/swigutil_rb.c.xml,3013,9,17,1.1,0.31622776601683794,,,,,,,,8,5,0,0,0,0,0,2
/home/johannes/CMPUT663/cmput663-cpp-replic/cppstats0.7/projects/subversion-1.5.1/_cppstats/subversion/bindings/swig/python/libsvn_swig_py/swigutil_py.h.xml,288,4,276,2.0,0.7071067811865476,,,,,,,,6,1,0,0,0,0,0,3
/home/johannes/CMPUT663/cmput663-cpp-replic/cppstats0.7/projects/subversion-1.5.1/_cppstats/subversion/bindings/swig/python/libsvn_swig_py/swigutil_py.c.xml,2761,6,21,1.0,0.0,,,,,,,,3,4,2,0,0,0,0,1
FUNCTIONS,=SUM(B2:B511),,=SUM(D2:D511),"=SUM(E2:E511)/countif(E2:E511;"">0"")","=SUM(F2:F511)/countif(E2:E511;"">0"")",,,,,,,,=SUM(N2:N511),=SUM(O2:O511),=SUM(P2:P511),=SUM(Q2:Q511),=SUM(R2:R511),=SUM(S2:S511),=SUM(T2:T511),=MAX(U2:U511)
ALL - MERGED,,272,21318,,,3.4705882352941178,9.2640169464874,1.4412213740458015,0.7475618093975044,5,493,16,,,,,,,,
